cell_group_name,cell
D,AAACAAGTATCTCCCA-1
D,AAACCCGAACGAAATC-1
D,AAACCGTTCGTCCAGG-1
D,AAACTGCTGGCTCCAA-1
D,AAACTTAATTGCACGC-1
D,AAAGGCCCTATAATAC-1
D,AAAGGCTACGGACCAT-1
D,AAAGGCTCTCGCGCCG-1
D,AAAGTTGACTCCCGTA-1
D,AAATAACCATACGGGA-1
D,AAATAAGGTAGTGCCC-1
D,AAATACCTATAAGCAT-1
D,AAATAGGGTGCTATTG-1
D,AAATCGCGGAAGGAGT-1
D,AAATCTAGCCCTGCTA-1
D,AAATGGTCAATGTGCC-1
D,AAATTAATAAGCGCGA-1
D,AAATTCCAGGTCCAAA-1
D,AAATTGATAGTCCTTT-1
D,AAATTTGCGGGTGTGG-1
D,AACAACTGGTAGTTGC-1
D,AACAATTACTCTACGC-1
D,AACACGAGACGCGGCC-1
D,AACAGCTGTGTGGCAA-1
D,AACAGGTAGTATGGAT-1
D,AACATATCAACTGGTG-1
D,AACATTGAAGTTGATC-1
D,AACATTGTGACTCGAG-1
D,AACCGAGCTTGGTCAT-1
D,AACCGCTAAGGGATGC-1
D,AACGATAATGCCGTAG-1
D,AACGCATGATCTGGGT-1
D,AACGCTGTTGCTGAAA-1
D,AACGTACTGTGGGTAC-1
D,AACGTGCGAAAGTCTC-1
D,AACTACCCGTTTGTCA-1
D,AACTAGGCTTGGGTGT-1
D,AACTCCAGAGCGTGTT-1
D,AACTCTCAGTGTGCTC-1
D,AACTGATATTAGGCCT-1
D,AACTGGGTCCCGACGT-1
D,AACTGGTGTGGGCCTT-1
D,AACTTCTGCGTCTATC-1
D,AACTTTACGGGAGCTT-1
D,AAGACCCAACTGAACA-1
D,AAGAGATGAATCGGTA-1
D,AAGAGGATGTACGCGA-1
D,AAGCACCCTGCGTATC-1
D,AAGCATACTCTCCTGA-1
D,AAGCCGAAGCGGTTTA-1
D,AAGCTAGATCGAGTAA-1
D,AAGCTCTTTCATGGTG-1
D,AAGGAGAACTTATAAG-1
D,AAGGAGCGGTTGGTGC-1
D,AAGGATCGATCGCTTG-1
D,AAGGCGCGTAAAGCTT-1
D,AAGGTATCCTAATATA-1
D,AAGGTGATAAACCAGC-1
D,AAGTAGTGACGCGAGG-1
D,AAGTGCCTTGACTGTA-1
D,AAGTGCGTTAGAATCT-1
D,AAGTGTTTGGAGACGG-1
D,AAGTTCACTCCAAGCT-1
D,AATAGAACAGAGTGGC-1
D,AATAGTCCGTCCCGAC-1
D,AATATCAAGGTCGGAT-1
D,AATATCGAATCAATGC-1
D,AATCAGGTTTCATTTA-1
D,AATCGCCTCAGCGCCA-1
D,AATCGCGCAGAGGACT-1
D,AATCTGCGTTGGGACG-1
D,AATGACGTAGGATGTC-1
D,AATGTGCCCGAGGTGT-1
D,AATTAAAGGTCGGCGT-1
D,AATTCTAGAGTTAGGC-1
D,AATTGAACGCTCTGGT-1
D,ACAAATGGTAGTGTTT-1
D,ACAACGGTCCCTGCGA-1
D,ACAAGGAAATCCGCCC-1
D,ACAAGGACAAGAGGTT-1
D,ACAAGGATGCTTTAGG-1
D,ACAATTGTGTCTCTTT-1
D,ACACCACATAATTAGC-1
D,ACACCCGAGAAATCCG-1
D,ACACCTTACTACTTGC-1
D,ACACTGATCAAGGTGT-1
D,ACAGCGACATTCTCAT-1
D,ACAGGCTTGCCCGACT-1
D,ACAGGTGGAGGTGAGG-1
D,ACATCCCGGCCATACG-1
D,ACATCCTGGTAACTGT-1
D,ACATCGATCGTTTACC-1
D,ACATGGCGCCAAAGTA-1
D,ACATTAGTTTATATCC-1
D,ACCAAGAACGCGTGTC-1
D,ACCAATATGCAAGTTA-1
D,ACCACAACTCAGAACA-1
D,ACCAGCCCGGTCTTTG-1
D,ACCAGTGCGGGAGACG-1
D,ACCATATCCGCAATAA-1
D,ACCCGATTGGTTCCGA-1
D,ACCCGGAAACTCCCAG-1
D,ACCCGGTTACACTTCC-1
D,ACCCGTGTCATCAGTA-1
D,ACCCTATGCCATATCG-1
D,ACCCTCCCTTGCTATT-1
D,ACCGAAGAGTCTGGTT-1
D,ACCGACTGAGTCCCAC-1
D,ACCGATGGTAGCATCG-1
D,ACCGCGGTGGAAGTCG-1
D,ACCGGGCCTTTGTTGA-1
D,ACCGTGACCACGTGGG-1
D,ACCTAATCGACTTCCT-1
D,ACCTACAGTATGTGGT-1
D,ACCTCCGCCCTCGCTG-1
D,ACCTCCGTTATTCACC-1
D,ACGAGGTTTACAACGT-1
D,ACGCAATCACTACAGC-1
D,ACGCATACGTTTACTA-1
D,ACGCCAGATGATTTCT-1
D,ACGCCGCTAGACGACC-1
D,ACGGATGGTGCGGATA-1
D,ACGGCACTTGCTTGGG-1
D,ACGGCCAACATGGACT-1
D,ACGGGAGTGTCGGCCC-1
D,ACGTACTTTGGCACGG-1
D,ACGTATTACTCCGATC-1
D,ACGTTATTGGTCACTC-1
D,ACGTTCGCAATCAATT-1
D,ACGTTCGTTCAGGAAA-1
D,ACTACCAGCTCTCTGG-1
D,ACTACGCGTTAGAATT-1
D,ACTAGTTGCGATCGTC-1
D,ACTATCTGCCCGCGTA-1
D,ACTATGTCCAGCTGCC-1
D,ACTATTTCCGGGCCCA-1
D,ACTCAATAAAGGCACG-1
D,ACTCCCATTCCTAAAG-1
D,ACTCCCTAATGCTAAA-1
D,ACTCCCTAGAATAGTA-1
D,ACTCGTAACCCGTCCT-1
D,ACTCTCTGACTTAGGT-1
D,ACTGAAACGCCGTTAG-1
D,ACTGTACGATACACAT-1
D,ACTGTATACGCGAGCA-1
D,ACTGTCCAGGATTATA-1
D,ACTGTTTAGTGTAGGC-1
D,ACTTACGCATCCACGC-1
D,ACTTATTAGGATCGGT-1
D,ACTTATTTATGTGCCA-1
D,ACTTCAGGCTGATCCC-1
D,ACTTGACTCCCTCTTT-1
D,ACTTGTGGATGGAACG-1
D,ACTTTGGTCGTGCTCC-1
D,AGAAATTATGACTCGC-1
D,AGAAGTGATTCGTGAT-1
D,AGACATAGATCCTTCC-1
D,AGACCGCTCCGCGGTT-1
D,AGACGAAGTGCCGGTC-1
D,AGACGACGATGCCGCT-1
D,AGAGAAACACCAGAAA-1
D,AGAGAAGGAGTACAAT-1
D,AGAGGCTTCGGAAACC-1
D,AGATAACTTCAGGGCC-1
D,AGATACCGGTGTTCAC-1
D,AGATCGTGCATAAGAT-1
D,AGATGAGGGTTGCGAT-1
D,AGATTATAGGACGTTT-1
D,AGCAAAGGCCGCTAGT-1
D,AGCACACGTTTAGACT-1
D,AGCACCAGTACTCACG-1
D,AGCACTACCTCACCAG-1
D,AGCACTTAAGGACGCC-1
D,AGCGCATAATGAATCG-1
D,AGCGGACACTTCGTAG-1
D,AGCTAACAAGCAATGT-1
D,AGCTCCTTCGCACATC-1
D,AGCTCTTCGTAACCTT-1
D,AGCTGTAACCTCAATC-1
D,AGGAAGCTGTCCGCCG-1
D,AGGAGGCCTTCGCGCG-1
D,AGGATAAAGTCGGGAT-1
D,AGGATATAGGGATTTA-1
D,AGGCAGGGAGCGTACT-1
D,AGGCATTGTCGTAGGG-1
D,AGGCCACCCGTTATGA-1
D,AGGCCTATCATACCAA-1
D,AGGCCTGAGAATCTCG-1
D,AGGCGGTTTGTCCCGC-1
D,AGGCTTCCCGAAGAAG-1
D,AGGGACTCTACGCGAC-1
D,AGGGAGACATACTTCG-1
D,AGGGTCAGAGCACTCG-1
D,AGGGTCGATGCGAACT-1
D,AGGGTGCCGTTCTTTA-1
D,AGGGTTCAGACGGTCC-1
D,AGGTAGGTACAAAGCT-1
D,AGGTCAGGTGAGAGTG-1
D,AGGTCGCGGAGTTACT-1
D,AGGTGGTGACCTTCGC-1
D,AGTAGGTAACATACAT-1
D,AGTATACACAGCGACA-1
D,AGTATGCTGGAGACCA-1
D,AGTATTTGGCACGACC-1
D,AGTCAAATGATGTGAT-1
D,AGTCAACACCACCATC-1
D,AGTCACTAGCTCTCGA-1
D,AGTCAGCCACCGCCTG-1
D,AGTCCATTGGCTGATG-1
D,AGTCGGCTCAACTTTA-1
D,AGTCGGTTGCGTGAGA-1
D,AGTCGTCGACCACCAA-1
D,AGTCGTGGGCATTACG-1
D,AGTCTAAAGTATACTC-1
D,AGTCTCACAAGACTAC-1
D,AGTCTGGACATCCTTG-1
D,AGTCTTCTCCTCAAAT-1
D,AGTGAACAAACTTCTC-1
D,AGTGACTGTGACACAA-1
D,AGTGAGACTTCCAGTA-1
D,AGTGATAACCTGCGCG-1
D,AGTGATATGAGTAGTT-1
D,AGTGCACGCTTAAGAA-1
D,AGTGCGTAGCTCGTAA-1
D,AGTGCTAAACACAGCA-1
D,AGTGGCGTCTGAAGGT-1
D,AGTTTCGCAGGTCGGA-1
D,AGTTTGCACCTGCCTC-1
D,AGTTTGGCACGGGTTG-1
D,AGTTTGGCCAGACCTA-1
D,ATAAACGGACCCGTAA-1
D,ATAAGGTGGAGAACAT-1
D,ATAAGTTACCGCGACG-1
D,ATAATAGCTGTTGAAT-1
D,ATAATCTTGGAGAACC-1
D,ATACAGGCCCTCCAAT-1
D,ATACCTAACCAAGAAA-1
D,ATACGCCGGCGAAACC-1
D,ATACGTCCACTCCTGT-1
D,ATACTGCCTTACACCG-1
D,ATAGAGTACTGGGACA-1
D,ATAGGCGGCTATAGAA-1
D,ATAGGCTAGCTTCGCA-1
D,ATAGTGAAGCGTTCTC-1
D,ATATAAAGCGCTCGTG-1
D,ATATAAATGTAGCTGC-1
D,ATATCGGTAGGGAGAT-1
D,ATATCGTTCCTCGAAC-1
D,ATATCTTAGGGCCTTC-1
D,ATATTCAGTTAAACCT-1
D,ATATTCCACATAGTGA-1
D,ATCAAACACTGTTCCA-1
D,ATCAAACGAAGGTTTG-1
D,ATCAGACGGCACGCCG-1
D,ATCAGCCTCATGCTGC-1
D,ATCATCCAATATTTGT-1
D,ATCCAACGCAGTCATA-1
D,ATCCAGAGCAACAACC-1
D,ATCCAGGATTCGTGAA-1
D,ATCCCATCCACAGCGC-1
D,ATCCTACCTAAGCTCT-1
D,ATCCTGCGTGGAATGG-1
D,ATCGCACGCCGGGAGA-1
D,ATCGCCAGTCAACATT-1
D,ATCGGAGACAGACGGC-1
D,ATCGTTAGCTAGCGGA-1
D,ATCTAATATCCTACGG-1
D,ATCTCGTGAGCGAAAC-1
D,ATCTGGGCTGTTCTTG-1
D,ATGAAGCCAAGGAGCC-1
D,ATGACTATGCGACATT-1
D,ATGATGCAATGGTACA-1
D,ATGCACGCGCTGTTCA-1
D,ATGCACTACCGCATTG-1
D,ATGCGAGTCCCACCAC-1
D,ATGCTCAGTGTTGCAT-1
D,ATGCTCTGGCGCGGTA-1
D,ATGGATTGACCAAACG-1
D,ATGGGACCTGCTGAAC-1
D,ATGGGTGTATACCTCC-1
D,ATGTAAGGCTGCTCTT-1
D,ATGTGAAAGCCTAATG-1
D,ATGTGCATCCGACGCA-1
D,ATGTGGACATCTTGAT-1
D,ATGTTGTAGTCTGTTT-1
D,ATTACATGTCAGTCTT-1
D,ATTACTTACTGGGCAT-1
D,ATTAGATTCCTCAGCA-1
D,ATTAGGCGATGCTTTC-1
D,ATTATACTTTGCTCGT-1
D,ATTATAGCTACTTTAC-1
D,ATTATGCCATAGGGAG-1
D,ATTATTATGTCCGTCA-1
D,ATTCAACCATTTAAGG-1
D,ATTCACTGATGTTGGA-1
D,ATTCATATACTGTCCA-1
D,ATTCATCGTTGAGGCA-1
D,ATTCGTGCTATCTCTT-1
D,ATTGAAGATCTTAGTG-1
D,ATTGCGATCAGTAACT-1
D,ATTGCTGCTCCTCCAT-1
D,ATTGGATTACAGCGTA-1
D,ATTGGGAATATCTTGG-1
D,ATTTACTAAGTCCATT-1
D,ATTTGCGCGAGTAGCT-1
D,CAAACGGTCGCACTTT-1
D,CAACGACCCGTTTACA-1
D,CAACTGCTCATCCGAT-1
D,CAAGCGGCACATAATT-1
D,CAAGGATCGCATGTTC-1
D,CAATATTCTTGACCTA-1
D,CAATGCGAGAAGTATC-1
D,CAATGTGCCAACCCTT-1
D,CAATTTCGTATAAGGG-1
D,CACAATGAGCTGCTAT-1
D,CACACACGCTAACGAG-1
D,CACACAGCTTGCGCTC-1
D,CACAGCACCCACGGCA-1
D,CACAGGGCCATATAGT-1
D,CACATCGTGCACGCGC-1
D,CACATCTCACCGACGA-1
D,CACATGATTCAGCAAC-1
D,CACATTTCTTGTCAGA-1
D,CACCCGGTTTGTGACT-1
D,CACCCTAACAAGATCT-1
D,CACCCTTGGTGAGACC-1
D,CACCGCCAGAAGGTTT-1
D,CACCGCGTCCACTCTA-1
D,CACCGGTAGAGACATT-1
D,CACCGTATCCCATCCG-1
D,CACCGTTAGGGATCAC-1
D,CACCGTTGCGCGATAT-1
D,CACCTTGGCGCCTTTG-1
D,CACGCACAGCGCAGCT-1
D,CACGCAGCGAGGCTTT-1
D,CACTACTCAGTTCTGT-1
D,CACTCAAGAGCTATGG-1
D,CACTCCTATGTAAGAT-1
D,CACTCGAGCTGAACAA-1
D,CACTCTCAAGCATCGA-1
D,CACTCTTCTGCTAGCC-1
D,CACTGACGATTGTGGA-1
D,CACTTAATCAGACGGA-1
D,CACTTCGCCACAGGCT-1
D,CAGAACTTAGCCCTCT-1
D,CAGACACCGATCGCTG-1
D,CAGACCTGTAAGTGTT-1
D,CAGACGAACCTGATAC-1
D,CAGAGACGGTCACCCA-1
D,CAGAGCATGAGCTTGC-1
D,CAGAGGCGATGCATGA-1
D,CAGCAGCCCGTTCCTT-1
D,CAGCAGTCCAGACTAT-1
D,CAGCGATTCCCTTCAA-1
D,CAGGATATATCGTTGT-1
D,CAGGCCGTTTGGGTGT-1
D,CAGGCGCCATGCTAGG-1
D,CAGTAATCCCTCCCAG-1
D,CAGTACCAGTTTACGT-1
D,CAGTCGAGGATGCAAT-1
D,CAGTTCGAGGACCCGA-1
D,CATAAGAAGCTTGGCT-1
D,CATACACGGTTCCCAC-1
D,CATACGAACTAGCTGG-1
D,CATACTATGTAATTGT-1
D,CATACTTAGGCAATAC-1
D,CATATAGGTACAGTCA-1
D,CATCCTCTCAAAGATC-1
D,CATCGGACGGGTTAAT-1
D,CATCTATCCCGTGTCT-1
D,CATCTGCAGGATCATT-1
D,CATCTTACACCACCTC-1
D,CATGACTTCGCTGAAT-1
D,CATGAGATGCACTCTC-1
D,CATGATGGAAGTTAGC-1
D,CATGCGTTGAGAGGAG-1
D,CATGGATTGTCTTCCG-1
D,CATGGGTATGCCTTAT-1
D,CATGGTAAGTAGCGTT-1
D,CATGTAAGAGACATTT-1
D,CATGTCTCATTTATGG-1
D,CATTACGTCGGCCCGT-1
D,CATTATCCCATTAACG-1
D,CATTATGCTTGTTGTG-1
D,CATTCCCATTCCGTCG-1
D,CATTTGAGTGGTACGT-1
D,CCAAATAACAAGATTC-1
D,CCAACCTTATGTAACT-1
D,CCAAGAAAGTGGGCGA-1
D,CCAAGCGTAACTCGTA-1
D,CCAATCGGTAGATCGA-1
D,CCAATGTCACAGCAAG-1
D,CCAATTGAATGTTAAT-1
D,CCACAGTACCCATCCT-1
D,CCACATACTGCACCCA-1
D,CCACATGGCTCTTTAT-1
D,CCACCAACTTTACTGT-1
D,CCACCCAAGGAAAGTG-1
D,CCACGAATTTAACCTC-1
D,CCACTGTTTGGATTAA-1
D,CCAGATAGTTGAGTGA-1
D,CCAGCTACGCCTCATA-1
D,CCAGGGACGTGGCCTC-1
D,CCAGTAGTCTGATCCA-1
D,CCAGTCTTGTCATAGA-1
D,CCATAGGTTGGCGTGG-1
D,CCATCGCAGTTAAACT-1
D,CCATGCCCTAGATTTC-1
D,CCATGTTCATCTATAT-1
D,CCATTAGCGATAATCC-1
D,CCATTCCCTGCCCACA-1
D,CCATTTCTACCTATTA-1
D,CCCAATGAGATTTGCA-1
D,CCCAATTTCACAACTT-1
D,CCCAGAGGAGGGCGTA-1
D,CCCGACCATAGTCCGC-1
D,CCCGAGTTTCTCCGTA-1
D,CCCGCAGCGCGAACTA-1
D,CCCGTAAGTCTAGGCC-1
D,CCCGTAGCTGGGAAGA-1
D,CCCGTTTCGCAGATGT-1
D,CCCTCCTCGCTCGTAT-1
D,CCCTGAAATGAGTTGA-1
D,CCGAACCTTCCCGGCC-1
D,CCGACGTAAACACAAC-1
D,CCGAGAAGTCGCATAA-1
D,CCGATCTCAACCTTAT-1
D,CCGCATGTGGTACGAT-1
D,CCGCGGAATGCGTCAC-1
D,CCGCTATCAGCACCAG-1
D,CCGGCACGACCGTTTC-1
D,CCGTAAGTTGGTCCCA-1
D,CCGTACCCAAGCGCCA-1
D,CCGTGGAACGATCCAA-1
D,CCGTGTTAAATTCCAT-1
D,CCTAAATTAACGGTTC-1
D,CCTAAATTGTATCCTA-1
D,CCTAACCCAAACAAGT-1
D,CCTATAATGAGTGCCC-1
D,CCTATGGCTCCTAGTG-1
D,CCTATGTCCACTCCAC-1
D,CCTCATGCAGCTACGA-1
D,CCTCGCGCTGTGCGAT-1
D,CCTCGGACCGGGATAG-1
D,CCTCGGTTTCCTTGCC-1
D,CCTCTCTCCCATCTAG-1
D,CCTCTGTACTATTCTA-1
D,CCTGACCACCGATGGT-1
D,CCTGGAAACGTTCTGC-1
D,CCTGGCTAGACCCGCC-1
D,CCTGGTCGAATGTGGG-1
D,CCTGTAAGACATGATA-1
D,CCTGTCACCCGGGCTC-1
D,CCTGTTCAACCTCGGG-1
D,CCTGTTTGAAGACACG-1
D,CCTTCAGTTAAAGTGA-1
D,CCTTCTTGATCCAGTG-1
D,CCTTGACCACTTTATT-1
D,CCTTTAAGGGAGCACT-1
D,CGAACAGTATGGGCGT-1
D,CGAACCCGCATGCGTC-1
D,CGAACGGCCGGACAAC-1
D,CGAAGACGGTGAGTGC-1
D,CGAATGACGCATAATG-1
D,CGACACGCTCCGACAG-1
D,CGAGACCCTAGAGTGT-1
D,CGAGAGGGTAGCCGCG-1
D,CGAGTTTATCGGACTG-1
D,CGATACCTCGCGGACA-1
D,CGATCCGACCCAGTGC-1
D,CGATTAAATATCTCCT-1
D,CGATTCGCCTGGCTGC-1
D,CGCAAACACGAGTTAC-1
D,CGCAATTAGGGTAATA-1
D,CGCACGTCTGTTTATG-1
D,CGCACGTGCGCTATCA-1
D,CGCAGGCGATCCAAAC-1
D,CGCATGGTGCGATGCT-1
D,CGCCCGCTTCCGTACA-1
D,CGCCGCCCATGCCTGT-1
D,CGCCGTTCAGCATAGT-1
D,CGCCTCCCTCCTCTAT-1
D,CGCGACCGCGACAGAT-1
D,CGCGGGAATTAGGCAG-1
D,CGCGTTCATGAAATAC-1
D,CGCTATTCTTAGGCTC-1
D,CGCTGGTGACTACCCT-1
D,CGGAGCATGGCGATCC-1
D,CGGATCCTCAAGGACT-1
D,CGGCAATAAGATCGCC-1
D,CGGCAGGGTCGGGTTG-1
D,CGGCCCAACCTGTAGT-1
D,CGGCCCAGGTATATCC-1
D,CGGCGCCATCAATCCC-1
D,CGGCTCTAAAGCTGCA-1
D,CGGCTGCAAGATTAAG-1
D,CGGGAATATAGTATAC-1
D,CGGGAATTTATGTAAA-1
D,CGGGAGCTTCAGTGTA-1
D,CGGGCAGCTAAACCGC-1
D,CGGGCCTTCTTTGTAA-1
D,CGGTGCGCGTTGGTCC-1
D,CGGTTCAAGTAGGTGT-1
D,CGTAACTTCGACACTT-1
D,CGTCACGTCCATTGGT-1
D,CGTCAGTTTATCGTCT-1
D,CGTCGCTTGGTTATAC-1
D,CGTCTGGAAGGGCCCG-1
D,CGTGAAGTTAATTCAC-1
D,CGTGCAGACTGGGACA-1
D,CGTGGCCGAATATCTA-1
D,CGTGGTACCCAAAGGC-1
D,CGTGTCCCATTCGCGA-1
D,CGTGTGTTAAACCCTG-1
D,CGTTAAACTAGTTAGG-1
D,CGTTCAAGGAAACGGA-1
D,CGTTGTAAGATTGATT-1
D,CGTTTAAGCGGAGCAC-1
D,CGTTTCGCTCATTACA-1
D,CGTTTGTGTAGAGGGT-1
D,CTAAAGGGAAATAGGA-1
D,CTAACTGATAATCGCC-1
D,CTAAGGGAATGATTGG-1
D,CTAATTCGCACGCGCT-1
D,CTAATTCTCAGATATT-1
D,CTAATTTCAACAACAC-1
D,CTACACTCGCAGATGG-1
D,CTACGAACTAGGTCGA-1
D,CTACGCACGGAGTACC-1
D,CTACTCAAGGTATAGT-1
D,CTACTGCCACCTGACC-1
D,CTAGGCGCCCTATCAG-1
D,CTAGTATTCGGAATTA-1
D,CTAGTCACGTCTTAAG-1
D,CTAGTTGGGCCCGGTA-1
D,CTATATCCAGCCTGGC-1
D,CTATCGGGTCTCAACA-1
D,CTATGGGAAGCGGAAT-1
D,CTATGTCTATTGAAAC-1
D,CTATTCATGTGTCCCA-1
D,CTATTTGGTTACGGAT-1
D,CTCAGGACTCACCTGT-1
D,CTCATGGTAATTTGCG-1
D,CTCATTGCTCTAACAA-1
D,CTCCGGCCTAATATGC-1
D,CTCGAGACATACGATA-1
D,CTCGAGGTCGAACAGT-1
D,CTCGCCGAATGTAGGG-1
D,CTCGGTACCACTGCTC-1
D,CTCGTCGAGGGCTCAT-1
D,CTCGTTACGGCTACCA-1
D,CTCTATTTGGCTGCAG-1
D,CTCTCACAATCGATGA-1
D,CTCTGTTTGAGGATTC-1
D,CTCTTCTATTGACTGG-1
D,CTCTTGTCCCGCTTGG-1
D,CTGAATTTATTGCCAG-1
D,CTGACATAGAAATAGA-1
D,CTGAGAAAGTTCGGCG-1
D,CTGATCCCTTTATGCA-1
D,CTGCACAACTACATAT-1
D,CTGCCATGCATCACAT-1
D,CTGCGTTACGATATAA-1
D,CTGCTGTCTAACGAGC-1
D,CTGCTTGGCGATAGCT-1
D,CTGGCGCACAGGTCTG-1
D,CTGGCTGATTCATCCT-1
D,CTGGCTGGTTGTCAGT-1
D,CTGGGATAAATAATGG-1
D,CTGGGTAGGCAGTTAA-1
D,CTGGTGAATGGGCCTA-1
D,CTGGTTTCGAGCAAGA-1
D,CTGTAGTGAGGATCGA-1
D,CTGTATGGTGTAGAAA-1
D,CTGTGGTCGGGAGATA-1
D,CTGTTACCCAATCTAG-1
D,CTGTTCATCTCACGGG-1
D,CTTAGGTATAGACCAG-1
D,CTTAGTGTAGTAGCAT-1
D,CTTCATTGTCAGTGGA-1
D,CTTCCGCTCCGTGAAG-1
D,CTTCGGCCAATTGTTT-1
D,CTTCGTAGATAGGTGA-1
D,CTTCTATGTTGAAGTA-1
D,CTTCTGGGCGTACCTA-1
D,CTTGCCCAGGCTCTAC-1
D,CTTGGCCAAGCTGGGA-1
D,CTTTAACTTTCAAAGG-1
D,CTTTAATATTGGTCGA-1
D,CTTTAGGAACACTGTT-1
D,CTTTCTGTGCGGGCTT-1
D,CTTTGGCTTTAGTAAA-1
D,GAAACCATGGTGCGCT-1
D,GAAACTCTAATGAAGG-1
D,GAAATGGCGGTGTTAG-1
D,GAAATTGTCTCTATAA-1
D,GAACCATCTGGGAGAC-1
D,GAACCCTCTGTGTTCT-1
D,GAACGCGGGTCACACG-1
D,GAACGTCTCATGGTCG-1
D,GAAGCCTGCACATTCC-1
D,GAAGCTTGCTGACCGC-1
D,GAAGTCAGTTGCACTA-1
D,GAAGTGATTTATCGTG-1
D,GAAGTTTCCACTCAAT-1
D,GAATCGACATGGTCAC-1
D,GAATCTGAACATTCTC-1
D,GAATGTGGTCCGGATT-1
D,GACAACGACCATTGAA-1
D,GACAACGCAGCTTACG-1
D,GACACGAGTTAGAGGA-1
D,GACACTGAGTTCAGTG-1
D,GACAGCCAGACCTGAC-1
D,GACATCGATTTATAAC-1
D,GACCAGAGCCCTGTAG-1
D,GACCAGGTCATTCATA-1
D,GACCGACGTGAAAGCA-1
D,GACCGCGTCTGACGTG-1
D,GACGACGATCCGCGTT-1
D,GACGAGGCTAATAAAC-1
D,GACGCCGTAAAGGCTA-1
D,GACGGGTTGGCCCGTA-1
D,GACGGTCAATAGAAGC-1
D,GACGTGTAGGGATTAT-1
D,GACTAAGATCATGCAC-1
D,GACTAAGTAGGCTCAC-1
D,GACTCCCAGAATAAGG-1
D,GACTCCTTCCAATTGA-1
D,GACTGCAAATCGAGCT-1
D,GAGACTGATGGGTAGA-1
D,GAGAGGGCGCGAGGTT-1
D,GAGATCTGTCACTCCG-1
D,GAGATCTTCCATGACA-1
D,GAGATGGGAGTCGACA-1
D,GAGCACCTGTGTCCAG-1
D,GAGCCAGCTACCTGTG-1
D,GAGCGCAAATACTCCG-1
D,GAGCGGAATGCGGTGT-1
D,GAGCTGTCGTCTCGGA-1
D,GAGGAATATCTCTTTG-1
D,GAGGATAAACAGTGCT-1
D,GAGGGCATCGCGTATC-1
D,GAGGGCGCAGCTCTGC-1
D,GAGGGTAGTAACAAAG-1
D,GAGGTCCCAAAGATCT-1
D,GAGTACGGGTATACAA-1
D,GAGTAGATACTAGTTG-1
D,GAGTATGCGCGTGCAT-1
D,GAGTCCGCTTACCGGA-1
D,GAGTTGATGGCAATTT-1
D,GATAAATCGGTGGATG-1
D,GATAGGTAACGTTGAC-1
D,GATCATTCCAAACATT-1
D,GATCGCGGGCTCTCCA-1
D,GATCTAACCGTATTCA-1
D,GATCTCGACGCTGTGG-1
D,GATCTGCTATCTAAGG-1
D,GATCTTTGCAGGGTAT-1
D,GATGACAAGTAGGGCA-1
D,GATGCGTCCTGCATTC-1
D,GATGCTGTATTTCATC-1
D,GATTAACCGAAAGCCC-1
D,GATTCCCTTGTCGCAG-1
D,GCAAACCCTACATTAT-1
D,GCAAACCTTGGCCATA-1
D,GCAAAGGGCGTTAGCC-1
D,GCAACCACCAGACCGG-1
D,GCAACGGCTAGTTATG-1
D,GCAAGTGCACAGAGAA-1
D,GCAAGTGTAAAGCATG-1
D,GCACAAACCCTAGATG-1
D,GCACAAGTGTCGGAAG-1
D,GCACACACTGGTAGCC-1
D,GCACAGCACGGGCCGA-1
D,GCACGCCTACTTAGAT-1
D,GCACTGTGCAAATGTA-1
D,GCAGAAGGTAATCTCC-1
D,GCAGACCCAGCACGTA-1
D,GCAGATCCATAAGACT-1
D,GCAGATTAGGGATATC-1
D,GCAGCCTATATCACAT-1
D,GCAGGACTATAGAATA-1
D,GCAGTGTGGCTATAGG-1
D,GCATAGAGCACTCAGG-1
D,GCATTCAAGGCAACGC-1
D,GCATTTCCAAGGCTCC-1
D,GCCAGGAAAGAACACT-1
D,GCCATCGAGCTGCGTG-1
D,GCCCGACTTCTTCCCG-1
D,GCCCGATCTGTGGTCG-1
D,GCCGATTGGCCAAGCT-1
D,GCCGTCGGTTTCGGGC-1
D,GCCGTGGAAGAAATGT-1
D,GCCTAGCGATCTGACC-1
D,GCCTATTCCGATATAG-1
D,GCCTCATCTGGAAATA-1
D,GCCTCTATACATAGCA-1
D,GCGAAACGATCGGGAG-1
D,GCGAAGCCATACCCGT-1
D,GCGACATGTAAACATC-1
D,GCGACCCAACCATCTG-1
D,GCGACGATAGTTGTAC-1
D,GCGCAAATATATTCAA-1
D,GCGCAAGAGCGCGCTG-1
D,GCGCCGTTCCACGATA-1
D,GCGCCTCCCACTCCGA-1
D,GCGCGTCATTGGTACA-1
D,GCGCTAATTGAATAGA-1
D,GCGCTTAAATAATTGG-1
D,GCGGACCGCGTTGTGG-1
D,GCGGGCGAGCCTTACC-1
D,GCGGTTCCCTATCATG-1
D,GCGTCGCCAGGGTGAT-1
D,GCGTCTCTGCATTGGG-1
D,GCTAACTGAAGTCTGA-1
D,GCTAAGTAGTTTCTCT-1
D,GCTACGACTTATTGGG-1
D,GCTACTATAGTAGAGT-1
D,GCTAGACCGTCTACTG-1
D,GCTAGAGTAGAGATGT-1
D,GCTAGCAGGGAGTGGG-1
D,GCTAGGCACCACGGAG-1
D,GCTAGTAGAGCTTGTA-1
D,GCTATACGTCTCGGAC-1
D,GCTATCATACTCATGG-1
D,GCTCAATCCGTTTATT-1
D,GCTCAATGTAATACCG-1
D,GCTCATTACTGCATGT-1
D,GCTCCCAGTCGGTCCA-1
D,GCTCCGCTCGCTTCAG-1
D,GCTCGCTCATGTCCAA-1
D,GCTCTAAACCCTGACG-1
D,GCTCTATGTTACGTGC-1
D,GCTCTCGGGTACCGAA-1
D,GCTCTTTCCGCTAGTG-1
D,GCTGCACGGTTTCTTA-1
D,GCTGCTAAGTAGTCGA-1
D,GCTGGCGGCGCATGCT-1
D,GCTGTATTACTGGCCC-1
D,GCTTAATGTAACTAAC-1
D,GCTTACGTAGTTAGTA-1
D,GCTTCCGTCCCTAGAC-1
D,GCTTGATGATAATCAG-1
D,GGAAACCTTGTTGAAT-1
D,GGAACCGTGTAAATTG-1
D,GGACACAAGTTTACAC-1
D,GGACCAACAGGATAAC-1
D,GGAGACGACACCTTTG-1
D,GGAGCAACATTTCAAG-1
D,GGAGGCCGAAGTCGTC-1
D,GGATCAAAGGACGAGG-1
D,GGATCATCCCGTACGC-1
D,GGATGAAGATCGCTGA-1
D,GGATTGCTGTGACTCC-1
D,GGATTTCACTTCTATA-1
D,GGCAAAGGCGCCAATA-1
D,GGCAAATTACTTTACT-1
D,GGCACTCCACTGGGCA-1
D,GGCAGCAAACCTATGC-1
D,GGCCGAGACTCTGGTG-1
D,GGCGCGGAGATCTTTC-1
D,GGCGCGTTCGAGTTTA-1
D,GGCGGAGTAATATTAG-1
D,GGCGGTAGGATCATTG-1
D,GGCTCCTCCACCTGTT-1
D,GGCTCGTGCCACCAGC-1
D,GGCTGAAATAGCAAAG-1
D,GGCTGGCTAGCTTAAA-1
D,GGCTTTCAATAAGGGT-1
D,GGGACCCGTATATCTT-1
D,GGGAGGATGCCCGAAA-1
D,GGGCACGTAGTACTGT-1
D,GGGCAGAGCAATCGTT-1
D,GGGCCCGTCTTAAACA-1
D,GGGCGTACATTTATAT-1
D,GGGCGTCACCACGTAA-1
D,GGGCGTGGTTTCCCAG-1
D,GGGCGTTTACATTCAT-1
D,GGGCTACTATTTCGTG-1
D,GGGCTGGTTAGTCGCG-1
D,GGGTACCCACGGTCCT-1
D,GGGTCACCGTGACGGT-1
D,GGGTCAGGAGCTAGAT-1
D,GGGTCGTGGCAAGTGT-1
D,GGGTTTAGGATAGGAT-1
D,GGTAAATGTGCGTTAC-1
D,GGTACAAACATGCTAT-1
D,GGTAGAAGACCGCCTG-1
D,GGTAGACCGTTGGGCG-1
D,GGTATAGTGACACATA-1
D,GGTATTGCCGAGTTTA-1
D,GGTCAAGACTACTTCG-1
D,GGTCAGTGGGTCCCAC-1
D,GGTCGGCCAGGAGCTT-1
D,GGTCGGTCGTCCACAG-1
D,GGTCTCTGAATGGACT-1
D,GGTCTGAGAATCTGGA-1
D,GGTGAAGTACAGGGAT-1
D,GGTGCATAAATGATTA-1
D,GGTGTAGGTAAGTAAA-1
D,GGTGTTGGGCGTCTTA-1
D,GGTTACCACCCTCGGG-1
D,GGTTAGCTATATGTCT-1
D,GGTTTAATTACCATCG-1
D,GGTTTAGCCTTTCTTG-1
D,GTAAGTAGGGTATACC-1
D,GTAATAAAGGGCTCCC-1
D,GTACAGAGGCAAGGGT-1
D,GTACGAGATTGCGACA-1
D,GTACGCTTCATTGCAC-1
D,GTACGTTTGCCCGTCA-1
D,GTACTCCTGGGTATGC-1
D,GTAGAGGGAGACAAGT-1
D,GTAGCGCTGTTGTAGT-1
D,GTAGGTGATCCGTGTA-1
D,GTAGTCGCGGGAATCA-1
D,GTATAGGACTCAGTAG-1
D,GTATCAAACGTTAGCT-1
D,GTATGAAATTTCACTC-1
D,GTATGTGGGTCTAGTT-1
D,GTATTCTGAGAAACGA-1
D,GTCAAGCGGACTCGGG-1
D,GTCACTCTCCAAATCT-1
D,GTCCAATATTTAGCCT-1
D,GTCCAGGCACGTGTGC-1
D,GTCCATTACTGCTACG-1
D,GTCCCGCGACGTTATG-1
D,GTCCGGACCTGAAATT-1
D,GTCCTACTCTACGGGC-1
D,GTCCTATTGTTGTGGT-1
D,GTCGCGTAACCCGTTG-1
D,GTCGGGAAGCAGAAAC-1
D,GTCGTACCATCTCGGG-1
D,GTCGTGTCTGGTCATC-1
D,GTCGTTATTCGCTTAT-1
D,GTCTATTGGTTCCGGT-1
D,GTCTCAAGGCCCGGCT-1
D,GTCTCCTGCCAGTATG-1
D,GTCTCGACTAAGTTTG-1
D,GTCTTGAGGAGCAGTG-1
D,GTGACGAGGGTGACCC-1
D,GTGACTTCAGTAGTGC-1
D,GTGAGGACACTTAAGG-1
D,GTGAGTGGTACAACGC-1
D,GTGATCACTAACGCCT-1
D,GTGATCATAGATCTGC-1
D,GTGATCCTTGTCATGA-1
D,GTGATTCGCCGCTCAA-1
D,GTGCCCGTTCGGATTC-1
D,GTGCCGCTTCAAAGGT-1
D,GTGCGAAATCGAACAC-1
D,GTGCGTGTATATGAGC-1
D,GTGCTCAAGTACTGTC-1
D,GTGGACCAACCCGATT-1
D,GTGGACGCATTTGTCC-1
D,GTGGAGTCGGCGGTTG-1
D,GTGGGAACAAACCGGG-1
D,GTGGGCTTAGACACAC-1
D,GTGGTGGCCAAGTGAA-1
D,GTGGTTTCCGCCTTTC-1
D,GTGTATATCAGCGGGC-1
D,GTGTATGACTTTAAAG-1
D,GTGTCAGTGTACGTGG-1
D,GTGTCGTATAGCGTTC-1
D,GTGTTACTATGCGTCC-1
D,GTTAAAGTAGGACTGG-1
D,GTTAACATCACTTAAA-1
D,GTTAAGGGTGCGATGT-1
D,GTTAAGTTAGAGTGGG-1
D,GTTACCTACAACTTGC-1
D,GTTAGGCTACCCGTTT-1
D,GTTATAATACGGTGAA-1
D,GTTATATTATCTCCCT-1
D,GTTCACAGGAGTCTAG-1
D,GTTCCGTCCGCCTGCA-1
D,GTTCGCCATAAGTGCC-1
D,GTTCGGATCGGGAACA-1
D,GTTGAACCGGTTCCAT-1
D,GTTGAGTCCCGCCGGT-1
D,GTTGCACGGAGTTTCG-1
D,GTTGGATTTGCGTTGG-1
D,GTTGGTCATGCTATCC-1
D,GTTTACGTTCCATCTG-1
D,GTTTCTGCAGTCTCCC-1
D,GTTTGACCAAATCCTA-1
D,GTTTGGCCCAAGTTAT-1
D,GTTTGGTAGGGTCAAC-1
D,TAAACCCAGGAGGGCA-1
D,TAAAGCGGTATTTCCA-1
D,TAAAGCGTTAGGAGAA-1
D,TAAATGAATCCGTTTC-1
D,TAACAAAGGGAGAAGC-1
D,TAACGCTTTGAGAGCG-1
D,TAACTATCGAAGGTCC-1
D,TAACTATTACGCCAAA-1
D,TAAGCGCGAATCAAAT-1
D,TAAGGCATAACATCAA-1
D,TAAGGCCCGTCACCCT-1
D,TAAGGCTGAATCCCTC-1
D,TAAGGGCCTGTCCGAT-1
D,TAAGTAACATCTTGAC-1
D,TAATTAGGACATCCGT-1
D,TAATTGGAATCGGGAA-1
D,TACAACGCACAACTCA-1
D,TACAGAAACGGTGGGC-1
D,TACATAGGCATACACC-1
D,TACATTTCTAACGTGC-1
D,TACCAAATAGCCCAGA-1
D,TACCAATAAAGTACCA-1
D,TACCAGAAGTAGGTTC-1
D,TACCAGGAATCCCGTC-1
D,TACCGCGGACTTGCAG-1
D,TACCGGCTCACTGCCC-1
D,TACCGTAGGTTAACTA-1
D,TACCTACTCCCAGTAT-1
D,TACCTCAGTTGTCTGT-1
D,TACCTTAAGATTTCCC-1
D,TACGAACACGACTTCA-1
D,TACGACGCTTGCTGCG-1
D,TACGACTGCCTCTTAG-1
D,TACGAGAACTTCACGT-1
D,TACGCAGTTCTTTCCT-1
D,TACGCCTCCATTCCGA-1
D,TACGTGCACTATGCTG-1
D,TACTATGGTTCCTCAG-1
D,TACTCTTTCGTCTTCA-1
D,TACTGAACAGATTTAG-1
D,TACTTGTTAGTAGTCC-1
D,TACTTTACTGAGCCGG-1
D,TAGAATTAAGGGCAAC-1
D,TAGACGCCCGTACCGG-1
D,TAGACTACCTAGCGTT-1
D,TAGAGCTACGAAGAAC-1
D,TAGAGGTTCTACTTGT-1
D,TAGCAACCTGTCACAA-1
D,TAGCGTCCCTCGATTG-1
D,TAGCGTCCGGTGTGGT-1
D,TAGCGTCGAATATTGA-1
D,TAGCGTTGGGTCTTAC-1
D,TAGCTAAGTCCGGGAG-1
D,TAGCTCGCCTGATAAC-1
D,TAGGCGGCTGCAAAGA-1
D,TAGGTGACGATAACCT-1
D,TAGGTGTTCCACAGAT-1
D,TAGGTTCGAGTTCGTC-1
D,TAGTAGCTTATACCAG-1
D,TAGTCCCGGAGACCAC-1
D,TAGTCGATCACGGGTT-1
D,TAGTCTAACAACGAGA-1
D,TAGTCTTTCCGAATTG-1
D,TATAAGTGAGGATAGC-1
D,TATACACAGACGCCTT-1
D,TATACCGAGTGCCACA-1
D,TATACGCGTCATCACT-1
D,TATAGAGTCGCTTGAA-1
D,TATAGATGGTCGCAGT-1
D,TATATCAAAGTGATCT-1
D,TATATCATTGATCAGT-1
D,TATCAGTGGCGTAGTC-1
D,TATCCAATTGGTTATC-1
D,TATCCATCTCGGTTAG-1
D,TATCCGCACCGTCGGG-1
D,TATCCTGCATGGGAAT-1
D,TATCGATGATTAAACG-1
D,TATGATCTTCTCTTTA-1
D,TATGGCCCGGCCTCGC-1
D,TATGGGACCGAGCAGG-1
D,TATGGTCTGAGTAACA-1
D,TATGGTTAGTGGGAGA-1
D,TATGTAGAAACCCGGC-1
D,TATTAACCTGACCGCG-1
D,TATTACCATCCTGCTT-1
D,TATTCAATTCTAATCC-1
D,TATTCCACTCAGCTCG-1
D,TATTGACATTTCTGCC-1
D,TATTTAGTCTAGATCG-1
D,TCAAACAACCGCGTCG-1
D,TCAAATTTGAGACTCA-1
D,TCAACACATTGGGTAA-1
D,TCAACATAGCGCCCTA-1
D,TCAACGAGGAGACAAA-1
D,TCAACGCAGGAAATAA-1
D,TCAACTGCAGAGTCAG-1
D,TCACAGCAAACTCGAA-1
D,TCACAGGAGAATAAGA-1
D,TCACAGGTTATTGGGC-1
D,TCACCCTCTTAAGATT-1
D,TCACGCATTGTAGATC-1
D,TCACGGTCATCGCACA-1
D,TCAGACGCTATAGAAG-1
D,TCAGCAGTAGGCCCTG-1
D,TCAGGTTCTTTGAGAA-1
D,TCAGTACTGACCCGCG-1
D,TCAGTAGGGACTATAA-1
D,TCAGTGTATACGTCAT-1
D,TCATCACTCGAGCTCG-1
D,TCCACAATGGTTTACG-1
D,TCCACCTCTAGCCTTT-1
D,TCCACTTTATCTAGGT-1
D,TCCAGCGCTATAAGCG-1
D,TCCAGGGTATATACGA-1
D,TCCATCAATACTAATC-1
D,TCCCACTCTCTTCCGG-1
D,TCCCGTCGCGTCATAG-1
D,TCCGAGAAGGCTAAGC-1
D,TCCGATAATTGCCATA-1
D,TCCGATGGTGCGACAT-1
D,TCCGCGGCAGCATCTG-1
D,TCCGCGGCCCAATGAA-1
D,TCCGCTGTCATCCCGG-1
D,TCCGCTTATCCCATTA-1
D,TCCGGTTCGTCCGGTC-1
D,TCCTAAATTGGGAAGC-1
D,TCCTAGCAAAGAAGCT-1
D,TCCTTACGACGGTCCG-1
D,TCCTTTAAATCCGCTT-1
D,TCGAGACCAACACCGT-1
D,TCGCAAAGATGCATTT-1
D,TCGCACCAGGAGGCAG-1
D,TCGCATTCAATGACTT-1
D,TCGCCGAAGTTGCGTC-1
D,TCGCTCGATATATTCC-1
D,TCGCTCGGCACCAGCG-1
D,TCGCTGGGCGGATTGT-1
D,TCGGAATGCGCTCTGA-1
D,TCGGAGTACATGAGTA-1
D,TCGGCGAACCCAAACC-1
D,TCGGCTTGTATCGACG-1
D,TCGGGAGACAGCGTAC-1
D,TCGTCAAGTACGCGCA-1
D,TCGTCCGCTGGCGTCT-1
D,TCGTCTTAGGCGTTAA-1
D,TCGTGTCACGCTGACA-1
D,TCGTGTTCGACCACAA-1
D,TCGTTAGGAGTCCCTA-1
D,TCGTTGCTATCCGGTC-1
D,TCTAATACTGCCTCAG-1
D,TCTACCCAATAGAGAG-1
D,TCTACCGTCCACAAGC-1
D,TCTAGCAATCTCCGCC-1
D,TCTAGCATCTTCGATG-1
D,TCTAGCATGCCCAGAA-1
D,TCTAGTGATATCGTGG-1
D,TCTAGTTATCAGAAGA-1
D,TCTATCGGTCGCAACA-1
D,TCTCATGAGATAGGGT-1
D,TCTCCCTGGGCAGCGT-1
D,TCTCGACGTATCGCCG-1
D,TCTCTAATAGCTGGTA-1
D,TCTCTTACCGCGAACC-1
D,TCTGAAGCACGTGGTC-1
D,TCTGATCGGGTGCTAG-1
D,TCTGATGTATTCTGTC-1
D,TCTGCGTCCGGTTTCT-1
D,TCTGGGAACCTTTGAA-1
D,TCTGTGCCATCATAGT-1
D,TCTGTTACCCAGCATA-1
D,TCTTACTTATGCCTCT-1
D,TCTTAGAGCTCCAATT-1
D,TCTTAGAGTGAACTCT-1
D,TCTTCTATAACCCGCC-1
D,TCTTTAGAGTCTAACA-1
D,TCTTTAGCAGGCGAAC-1
D,TCTTTCTCTTAAGGAG-1
D,TGAACAAGCAGGGACT-1
D,TGAATGAGTGTTTCCC-1
D,TGAATGTCAGCCGGCC-1
D,TGACAGGACAAGTCCA-1
D,TGACTATAATCCTTTC-1
D,TGACTCCGAATCATAC-1
D,TGAGATTAGGCCCTAA-1
D,TGAGGAGTGCCAGCTT-1
D,TGAGTAAATTAGCGTA-1
D,TGAGTTAAAGACATTC-1
D,TGATCTACGCTGATCT-1
D,TGATGGCTGTTTCTGA-1
D,TGATGTCAATTAAGTG-1
D,TGATTCCCGGTTACCT-1
D,TGATTCGTCTATCACT-1
D,TGATTCTGTCGCCGGT-1
D,TGCAACCCATCTGCGG-1
D,TGCAATCTAACACGGT-1
D,TGCAGAGTACCGAGCA-1
D,TGCATATGTCTGTCAC-1
D,TGCATGTGACCCATAG-1
D,TGCCAATGGGTACTCT-1
D,TGCCCGTACCGTTAAA-1
D,TGCCGGATGTACGAGC-1
D,TGCCTAATTGAAGATT-1
D,TGCCTGACATCGGTCA-1
D,TGCGACGGCCGAACGT-1
D,TGCGAGAATATTACCC-1
D,TGCGCGATTAACGGAG-1
D,TGCGTAAGAACCTGAT-1
D,TGCGTCATGACTGAGC-1
D,TGCTCCACAGTTCTTA-1
D,TGCTCGGCGAAACCCA-1
D,TGCTGGTTGGACAATT-1
D,TGGCAATGGGACGGCG-1
D,TGGCAGATTACGATCA-1
D,TGGCCGTATATTGACC-1
D,TGGCTATGTGACATAC-1
D,TGGGCAATAGTTGGGT-1
D,TGGGCACAAACAGAAC-1
D,TGGGCACGTTCTATGG-1
D,TGGTAGAATATATGGG-1
D,TGGTCTGTTGGGCGTA-1
D,TGGTTAACTTACATTT-1
D,TGGTTCAACGGGTAAT-1
D,TGTACGAACAAATCCG-1
D,TGTGAGACTAGCCCAA-1
D,TGTGCCAGAGGCAAAG-1
D,TGTGCCGGTGCCGGAA-1
D,TGTTCCGCTTCCATGA-1
D,TGTTCGTATTGCGGTG-1
D,TGTTTGAGATCGTCAG-1
D,TTAAGATAGGATTGAC-1
D,TTAATGCGAGGTAACT-1
D,TTACAACTACGCATCC-1
D,TTACATGCCACAACTA-1
D,TTACCCTAGGGATTGG-1
D,TTACGGATGGTTCGAG-1
D,TTACTAAAGGACTTTA-1
D,TTACTGGGATATTTCA-1
D,TTAGAAGAACATGACT-1
D,TTAGAATAAGGGTCGG-1
D,TTAGAGTTTAGAAGGA-1
D,TTAGCAACATGGATGT-1
D,TTAGCTGATTTGCCGT-1
D,TTAGTTATTCGTGGCA-1
D,TTATAGATGCACATTA-1
D,TTATCCGGGATCTATA-1
D,TTATGACAAACTGGAT-1
D,TTATGCGTCCCGGTCC-1
D,TTATTAGAGCGTGTTC-1
D,TTCAAAGTCTCTAGCC-1
D,TTCAATACTCTGAATC-1
D,TTCACTCGAGCACCTA-1
D,TTCAGCTGGCGTGCCC-1
D,TTCAGTTCAAGAGGAG-1
D,TTCAGTTTGTGGCAGC-1
D,TTCCACACAGATTTGA-1
D,TTCCAGACGAGATTTA-1
D,TTCCATCATGCGGTGA-1
D,TTCCGGCCTTGAGGCT-1
D,TTCCGGTATCTGTGTC-1
D,TTCCTCGGACTAACCA-1
D,TTCGCTAGGAAGTTGT-1
D,TTCGCTATCTGACGTG-1
D,TTCGGGACTAATCGCG-1
D,TTCGTTCAACGAAGTT-1
D,TTCTGACCGGGCTCAA-1
D,TTCTGCGGGTTAGCGG-1
D,TTCTTATCCGCTGGGT-1
D,TTCTTGAGCCGCGCTA-1
D,TTCTTGCTAGCATCTC-1
D,TTCTTGTAACCTAATG-1
D,TTGAACGACGTGCTGA-1
D,TTGAATATGGACTTTC-1
D,TTGAATTCACGTGAGG-1
D,TTGACCATGTTCTCCG-1
D,TTGACCGTGTTAATGA-1
D,TTGACGCTCCATGAGC-1
D,TTGACTATTGTCCGGC-1
D,TTGAGAAGTTTAGCAT-1
D,TTGATCTAACTTTGTC-1
D,TTGATGCCGCTCGTCG-1
D,TTGCCAAGCAGAACCC-1
D,TTGCCTAATCCAAAGT-1
D,TTGCGGCATCAGAAAG-1
D,TTGCGTCGGCCAACCG-1
D,TTGCTGATCATGTTCG-1
D,TTGGAAGAATACAGTC-1
D,TTGGACATGTGGCTTA-1
D,TTGGACCATCTGGCAA-1
D,TTGGACCTATAACAGT-1
D,TTGGAGTCTCCCTTCT-1
D,TTGGCTCGCATGAGAC-1
D,TTGGGACGTAAGAGTT-1
D,TTGGGCGGCGGTTGCC-1
D,TTGGTATGGCTTGTGT-1
D,TTGGTTGCGGTGCGCG-1
D,TTGTAAGGACCTAAGT-1
D,TTGTAATCCGTACTCG-1
D,TTGTGAACCTAATCCG-1
D,TTGTGCAGCCACGTCA-1
D,TTGTGGTAGGAGGGAT-1
D,TTGTGTATGCCACCAA-1
D,TTGTGTTTCCCGAAAG-1
D,TTGTTAGCAAATTCGA-1
D,TTGTTCAGTGTGCTAC-1
D,TTGTTGTGTGTCAAGA-1
D,TTGTTTCACATCCAGG-1
D,TTGTTTCATTAGTCTA-1
E,AAACAGAGCGACTCCT-1
E,AAACGAGACGGTTGAT-1
E,AAAGTGTGATTTATCT-1
E,AAATAGCTTAGACTTT-1
E,AAATCGTGTACCACAA-1
E,AAATTAACGGGTAGCT-1
E,AACAATACATTGTCGA-1
E,AACCCGACAACCCGTG-1
E,AACCCTACTGTCAATA-1
E,AACGATATGTCAACTG-1
E,AACGCGGTCTCCAGCC-1
E,AACGGACGTACGTATA-1
E,AACGGCCATCTCCGGT-1
E,AACGTCAGACTAGTGG-1
E,AACTCAAGTTAATTGC-1
E,AACTCTCAATAGAGCG-1
E,AAGACTGCAAGCTACT-1
E,AAGAGCTCTTTATCGG-1
E,AAGAGGCATGGATCGC-1
E,AAGATGGCACCGGACC-1
E,AAGCGTCCCTCATCGA-1
E,AAGCTCGTGCCAAGTC-1
E,AAGGATGAGGGACCTC-1
E,AAGGCTGTGCTCATCG-1
E,AAGTAGAAGACCGGGT-1
E,AAGTTCGGCCAACAGG-1
E,AATAACACTAGAACAA-1
E,AATACCGGAGGGCTGT-1
E,AATAGAATCTGTTTCA-1
E,AATCATGTAAAGACTC-1
E,AATGACAGCAATGTCT-1
E,AATGACTGTCAGCCGG-1
E,AATGATGCGACTCCTG-1
E,AATGCAACCGGGTACC-1
E,AATTAACGGATTTCCA-1
E,AATTAGCGCTGCAGCG-1
E,ACAAATCGCACCGAAT-1
E,ACAAGGGCAGGCTCTG-1
E,ACAATGAATACGGAGA-1
E,ACACAAAGACGGGTGG-1
E,ACACACCAGGACCAGT-1
E,ACACCCAGCATGCAGC-1
E,ACACCTTAAGTAGGGC-1
E,ACACGGGAACTTAGGG-1
E,ACATAATAAGGCGGTG-1
E,ACATCGTATGCAATGG-1
E,ACCACAAGTTTCTATC-1
E,ACCACCAATGTAACAA-1
E,ACCACGTGCAGCTATA-1
E,ACCATCGTATATGGTA-1
E,ACCCATCTTGAGGGTA-1
E,ACCCGGATGACGCATC-1
E,ACCGCAATAACTGCCT-1
E,ACGACTGGTCATACTC-1
E,ACGAGGATACCACTCT-1
E,ACGATCATCTTGTAAA-1
E,ACGATGCATATGTTAT-1
E,ACGCAAACTAATAGAT-1
E,ACGCATTCGTGAGTAC-1
E,ACGCGAAGTCAGACGA-1
E,ACGCGGGCCAAGGACA-1
E,ACGGCGACGATGGGAA-1
E,ACGTAGATTGCTGATG-1
E,ACGTGCGCCTCGTGCA-1
E,ACGTTAATGTCGAAGA-1
E,ACGTTAGATTTGCCCG-1
E,ACTCGTCAGTAATCCC-1
E,ACTCTTGTATAGTAAC-1
E,ACTGAATGGCGAAAGT-1
E,ACTGTAGCACTTTGGA-1
E,ACTGTCTTCTTTAGAA-1
E,ACTTCGCCATACGCAC-1
E,ACTTGGGACCCGGTGG-1
E,ACTTTCCTATAGCTTC-1
E,AGAACGTGGTACATTC-1
E,AGAAGGTTGCCGAATT-1
E,AGACCCACCGCTGATC-1
E,AGACTGTTACCGGGTC-1
E,AGAGTAAACTTCACTA-1
E,AGATACTCAAGATCGA-1
E,AGATCTCAGGTGTGAT-1
E,AGATGACTCGCCCACG-1
E,AGATGATGGAGTCTGG-1
E,AGCAACATATCTTATT-1
E,AGCAGCCAGATGAATA-1
E,AGCATATCAATATGCT-1
E,AGCATCGTCGATAATT-1
E,AGCGACAGGAACGGTC-1
E,AGCGACCAACGATATT-1
E,AGCTAGAAGCAGAAGT-1
E,AGCTCTAGACGTTCCA-1
E,AGCTCTTTACTCAGTT-1
E,AGGACAGTCGAATCCC-1
E,AGGACGACCCATTAGA-1
E,AGGGCTGCAGTTACAG-1
E,AGGGTGCTCTCGAGGG-1
E,AGGGTTTAGTTCGGGA-1
E,AGGTTGAGGCACGCTT-1
E,AGTACGGGCACCTGGC-1
E,AGTACTCTTATGCCCA-1
E,AGTCAAGATGACACTT-1
E,AGTCCCGCCTTTAATT-1
E,AGTCGACGGTCTCAAG-1
E,AGTGACCTACTTTACG-1
E,AGTGATTCAAGCAGGA-1
E,AGTGCTTGCACGAATA-1
E,AGTTAAACACTTGCGA-1
E,AGTTCCTACAGAATTA-1
E,AGTTCCTATTTATGTT-1
E,ATAAATATTAGCAGCT-1
E,ATAACGCCGGAGGGTC-1
E,ATAACGGAGTCCAACG-1
E,ATACGTACTTAGCCAC-1
E,ATACTAGCATGACCCT-1
E,ATAGACGAAGAGAAAG-1
E,ATAGGGATATCCTTGA-1
E,ATAGGTTGGGCAGATG-1
E,ATAGTTCCACCCACTC-1
E,ATATGTCTCCCTAGCC-1
E,ATATTTAACCCTCAAG-1
E,ATCAATCTGGGCTGCA-1
E,ATCACTTCATCCTCGC-1
E,ATCGACCCAATACAGA-1
E,ATCGACTCTTTCCGTT-1
E,ATCGGCAAGCAGTCCA-1
E,ATCTCCCTGCAATCTA-1
E,ATCTGACATGGAAGGA-1
E,ATCTGGTTAAGACTGT-1
E,ATCTGTAATTGTACCC-1
E,ATCTTGACCTGCAACG-1
E,ATGACGCCGGCTCTAA-1
E,ATGACGCGTTCTATCC-1
E,ATGACTATCAGCTGTG-1
E,ATGCCGGTCTTGCATA-1
E,ATGGAGCAGGCCGTGA-1
E,ATGGATCCGGCGTCCG-1
E,ATGGTCGCGTGGTTTC-1
E,ATTAGATTGATAGCGG-1
E,ATTCAGGACCTATTTC-1
E,ATTCCTCCGCCAGTGC-1
E,ATTTACAGTTTACTGG-1
E,ATTTCCGGGTTCTGCG-1
E,CAAACGAGTATCGCAG-1
E,CAAGAGGGCGGAGTAC-1
E,CAAGATATTATAACGT-1
E,CAAGCAACGTCGGAGT-1
E,CAAGCACCAAATGCCT-1
E,CAAGTGTGGTTGCAAA-1
E,CAATAAACCTTGGCCC-1
E,CACACGCGCTGTCTTA-1
E,CACAGCTAGGGAGTGA-1
E,CACATATTAGCAGGAT-1
E,CACCTAATCAGTTTAC-1
E,CACGCGGAACTGTTGC-1
E,CACGTCGGCAACCTCT-1
E,CACGTTCGTGCTCTAG-1
E,CACGTTTCGTACACAC-1
E,CACTAAAGTTGCCTAT-1
E,CAGATACTAACATAGT-1
E,CAGCTCACTGAGACAT-1
E,CAGCTCGACAAGTTAA-1
E,CAGCTCGTGCTTGTGT-1
E,CAGCTGGCGTAACCGT-1
E,CAGTCTGTATACTGGG-1
E,CAGTGTCGGCTGGCCC-1
E,CAGTTCAAATTGACAC-1
E,CATACCCGTACCCAGT-1
E,CATACGGCGTCTGGGC-1
E,CATAGCGTTGCCCACC-1
E,CATAGTAGCATAGTAG-1
E,CATCATTACCCTGAGG-1
E,CATGATGCACAATTCT-1
E,CATGGTCTAGATACCG-1
E,CCAAACAGAACCCTCG-1
E,CCAACGATGCACTGAT-1
E,CCAAGACTTCTGCGAA-1
E,CCAATAGTGCCGTCGA-1
E,CCACAATGTACGTCTT-1
E,CCACACTGAGATATTA-1
E,CCACTATCCGGGTCAC-1
E,CCAGAAAGCAACTCAT-1
E,CCAGCCTGGACCAATA-1
E,CCATCTCACCAGTGAA-1
E,CCATGCCTGTTTAGTA-1
E,CCATGCTCTGCAGGAA-1
E,CCCAACATACGTCGCG-1
E,CCCAGTTAAGGCGCCG-1
E,CCCGTCAGCGTCTGAC-1
E,CCGCACAAAGACCAAC-1
E,CCGGGCGGTCTCGTCA-1
E,CCGGGCTGCTCCATAC-1
E,CCTACATTCACAGACG-1
E,CCTAGGCGTAGCGATC-1
E,CCTATGGGTTACCGTC-1
E,CCTCGCCAGCAAATTA-1
E,CCTCTAATCTGCCAAG-1
E,CCTGAACGATATATTC-1
E,CCTGAATATTTACATA-1
E,CCTGCTATTTGAGAAG-1
E,CCTGTCGCCCGTAAAT-1
E,CGAAGTTGCTCTGTGT-1
E,CGACAATTTGATCTAA-1
E,CGAGAGATGTGAACCT-1
E,CGAGGCTAAATATGGC-1
E,CGAGTACTAAAGAGGA-1
E,CGATCCTCGCAACATA-1
E,CGCAATTCTACAATAA-1
E,CGCAGATCTTCACCCG-1
E,CGCATTAGCTAATAGG-1
E,CGCCATCCGATTATGA-1
E,CGCCCAGCACGCCTAG-1
E,CGCGCATGTTTGATTG-1
E,CGCGCCCGACTTAATA-1
E,CGCGGCTCAACTTGAA-1
E,CGCTACGGGACATTTA-1
E,CGCTAGAGACCGCTGC-1
E,CGCTCGACATAATGAT-1
E,CGCTCTCCGTAGATTA-1
E,CGCTGTGACGCCGCAC-1
E,CGCTTAGTATTGATAC-1
E,CGGAAAGAATCAAACG-1
E,CGGAACGTAAACATAG-1
E,CGGAGCAATTTAATCG-1
E,CGGAGTTTGAGAGACA-1
E,CGGCAAACATCGTGCG-1
E,CGGCCACGCACAAAGT-1
E,CGGCCAGAGCGACCAT-1
E,CGGGATCAATGTAAGA-1
E,CGGTACTAGAATCAAA-1
E,CGGTTATCCAACAGTG-1
E,CGGTTGAGTATCCTTC-1
E,CGTACCTGATAGGCCT-1
E,CGTATTAAGAGATCTA-1
E,CGTCGGATAGTGTTGA-1
E,CGTCGTCCTTCGCGAA-1
E,CGTGCATTGTCGACGC-1
E,CGTGCCCTCCCGAAGA-1
E,CGTGCTTCTACCTAAA-1
E,CGTGTCTCGTTACGAC-1
E,CGTTAATGTCCCGACG-1
E,CGTTGAATACCGCGCT-1
E,CGTTGCCCGCGTGGGA-1
E,CTAAATCCGGTGTACA-1
E,CTAACTGGTCCGGTTC-1
E,CTACTCTAGGCCCGGC-1
E,CTAGATTTACGACGGC-1
E,CTAGCATAGTATAATG-1
E,CTAGGTTCGGACGTGA-1
E,CTAGTGAAGGACAGGA-1
E,CTAGTTACAACCCGGT-1
E,CTATCGACGAAATACA-1
E,CTATGAACACCTTGCC-1
E,CTATGTCACTAGCCCA-1
E,CTCAAACCACTGCCCG-1
E,CTCACATTTACTAAAT-1
E,CTCATTTGATGGGCGG-1
E,CTCCCAATGAGTCGCG-1
E,CTCCGCCCACATGAGG-1
E,CTCGCACCTATATAGT-1
E,CTCGGTCCGTAGCCTG-1
E,CTCTGGACGCCTGGTG-1
E,CTGAAAGAGATCCGAC-1
E,CTGAATCCGAGACCTC-1
E,CTGCACTCCAGTACAG-1
E,CTGCTGAGGCCACGAA-1
E,CTGGAAATGGATGCTT-1
E,CTGGAAGACACGGTGG-1
E,CTGGATTTACACTTGA-1
E,CTGGGATACGCTACCC-1
E,CTGGTAACACATAGAA-1
E,CTGTACTTCTTAGCAT-1
E,CTGTGCAGGGTAGGTC-1
E,CTGTTCACTGCCTGTG-1
E,CTTACACGGTATTCCA-1
E,CTTAGTTGAGGAATCG-1
E,CTTGAGTTAGGGTAAT-1
E,CTTGTACTTGTTGACT-1
E,CTTGTCAACATTCGAG-1
E,CTTGTTGCTGAGTCAA-1
E,CTTTACCGAATAGTAG-1
E,CTTTAGTGCTATTATT-1
E,CTTTGCATCGCTCTTG-1
E,CTTTGGGATTGTTGCA-1
E,GAAACAGATGACCACC-1
E,GAAAGAACAGCGTTAT-1
E,GAAAGCAGTGCACTTT-1
E,GAAATCGCGCGCAACT-1
E,GAAATTAGCACGGATA-1
E,GAACAGATTACTAAAT-1
E,GAAGCGTGAGGAATTT-1
E,GAAGTCTCCCTAGCGA-1
E,GAATAGACGCGACCCA-1
E,GAATAGTGCTCGATTA-1
E,GAATGTTGGGTAATCT-1
E,GAATTATAGTGAAAGG-1
E,GACAAACATATGCAGG-1
E,GACACAAGGGAAGAAA-1
E,GACCGTGCTGACGGTG-1
E,GACTGCACCAGCCCAG-1
E,GACTGCTGGTGAGAAA-1
E,GAGAATCTCACGATCA-1
E,GAGACTTCGCGACCGA-1
E,GAGAGGTGCATTCTGG-1
E,GAGCGCGCACGAGTAG-1
E,GAGGAATGGAGAGGTT-1
E,GAGGGAGTCAGATCGC-1
E,GAGTATACCCTAATCA-1
E,GAGTATGCCCGCCTTG-1
E,GAGTCAGACCAGAATC-1
E,GAGTCGACAGACCCTC-1
E,GAGTGTGCGGTACCCA-1
E,GATAACTCGCACTGTG-1
E,GATACGATGGGAGTCA-1
E,GATAGTGCGAGTAAGT-1
E,GATATGAGACACTAAC-1
E,GATCAACATAAAGGGA-1
E,GATCCCTTTATACTGC-1
E,GATCCGGGAATTAACA-1
E,GATCGACACTATCTGA-1
E,GATCGCTACCCGATTT-1
E,GATCGGTGGCCATAAC-1
E,GATCGTGACTGATATC-1
E,GATCTTGGAGGGCATA-1
E,GATGTTCAATCCACGA-1
E,GATTACTGAATTTGGG-1
E,GATTCCGCGTTTCCGT-1
E,GCCATCGATGCTGCAT-1
E,GCCCGCGCGTAAACGG-1
E,GCCCGCGCGTTTGACA-1
E,GCCGAAATTCCTACGT-1
E,GCCGACCCACGACTGC-1
E,GCCGCTTGTGAGAAAC-1
E,GCCGGGTTAGGGTCGC-1
E,GCGAAACTTAACTGGA-1
E,GCGAGGCCCGAGCAGA-1
E,GCGAGTTCTGCAAAGA-1
E,GCGATTGTTAACGTTA-1
E,GCGCTATGCCGAGGCA-1
E,GCGGAGAAACTTCGCA-1
E,GCGGAGAGGGAGAACG-1
E,GCGTCCCTAAGACATA-1
E,GCGTCGAAATGTCGGT-1
E,GCGTGGTACTGGGTTA-1
E,GCTAGCTTGAATAGCT-1
E,GCTCCTGACATACTGG-1
E,GCTGAGGCGTGAGTAT-1
E,GCTGCTCTCCGGACAC-1
E,GCTGGCATATTCACCT-1
E,GCTGGTTTAGGCCATA-1
E,GCTGTTGCTACCGAAC-1
E,GGAATGCGCTAGCGTG-1
E,GGACTCGACAGCGCAT-1
E,GGACTCGTGAGTGGTC-1
E,GGAGAAGTCATTGGCA-1
E,GGAGGGCTTGGTTGGC-1
E,GGAGTGCCGCCCTGGA-1
E,GGATCCGGAATATACT-1
E,GGATCTTACTGCCCTT-1
E,GGATGACGCGAGTTTA-1
E,GGATTCCGCTATACCC-1
E,GGCAAGGCGAAATAGC-1
E,GGCAATAGTCAATGAG-1
E,GGCATACAGGTAGCGG-1
E,GGCGAAATCTAACTTG-1
E,GGCTACTATACACTCC-1
E,GGCTATTAAGTTGTAT-1
E,GGCTCTGCTCCAACGC-1
E,GGGACTGCATAGATAG-1
E,GGGAGAACTCACAGTA-1
E,GGGAGTTAATGAGGCG-1
E,GGGATGGTCGTAACCG-1
E,GGGATTTACCGCACCT-1
E,GGGCCGGCCGAAGTAC-1
E,GGGCGATATGTGTGAA-1
E,GGGCGGCAAATGAATT-1
E,GGGCTATGATCGATGG-1
E,GGGCTGCCTAGGGCGA-1
E,GGGTACTTCATGAACT-1
E,GGGTGACACCTTAACT-1
E,GGGTTAACATTTGAGT-1
E,GGTAGTGCTCGCACCA-1
E,GGTCGGATAAACGGCG-1
E,GGTGATAAGGAGCAGT-1
E,GGTGCTGGTACACATT-1
E,GGTGGACTGCTCTGGC-1
E,GGTTCTACTCGTCTGA-1
E,GGTTTACAATCTCAAT-1
E,GTAAGCGGGCAGTCAG-1
E,GTAAGTAACAGTCTGG-1
E,GTAATCTGATTCTTCG-1
E,GTACACTTACCTGAAG-1
E,GTACTAAGATTTGGAG-1
E,GTACTGGAGTTAGACC-1
E,GTAGCCAAACATGGGA-1
E,GTAGCGGCTATACACT-1
E,GTAGCTCCGGGAGGCT-1
E,GTAGTTCGAAGGCGAA-1
E,GTATCTTTCATAACCA-1
E,GTCATTAGAGCGAACG-1
E,GTCCCAACGTAAAGTA-1
E,GTCCGGCTGAATTGCG-1
E,GTCCTACGAATAGTCT-1
E,GTCTATCTGAGTTTCT-1
E,GTCTGGGCGGTCGAGA-1
E,GTGACCGCACACTACG-1
E,GTGAGATAACCTTATA-1
E,GTGAGGAGCGGTTGAG-1
E,GTGCGACAGGGAGTGT-1
E,GTGCGGGTCTCCAAAT-1
E,GTGTACCTTGGCTACG-1
E,GTGTGAATAACTTAGG-1
E,GTTCCAGTCTGACCAT-1
E,GTTTCCTGGAGGGTGA-1
E,GTTTGGGCTTGTGAGC-1
E,GTTTGGTGATCGGTGC-1
E,TAACAGCGTTTGTGCT-1
E,TAACATACAATGTGGG-1
E,TAACTCATCCGCGCGG-1
E,TAAGGCAACATAAGAT-1
E,TAAGTCGCCGAGTATC-1
E,TAAGTTGCGACGTAGG-1
E,TAATACACAGTAGTAT-1
E,TAATAGAACAGAGTTA-1
E,TACCGGTCGTTTCCAT-1
E,TACCGTGCCTCGGACC-1
E,TACGCCATATTCTAAT-1
E,TACGCCGAGGGTACCC-1
E,TACGTACTAGTGCTGA-1
E,TACTCCTCTAGTTGAC-1
E,TAGAAAGGTGGCGCTA-1
E,TAGAGTCTAAGCGAAC-1
E,TAGATATGGACTGGAA-1
E,TAGATGGTTCCTTACT-1
E,TAGATTCAAAGTGCGG-1
E,TAGCCATTTCAAAGTC-1
E,TAGCCGGCGGTCAGCG-1
E,TAGCTAGAAGGCATGA-1
E,TAGCTAGTGATGATGG-1
E,TAGGGAGCTTGGGATG-1
E,TAGGGTGTTTCAAGAG-1
E,TATATCCCTGGGAGGA-1
E,TATCACTTCGAGTAAC-1
E,TATGCTCCCTACTTAC-1
E,TATGTAAAGTGCTTAA-1
E,TATGTCTCATTGTGCC-1
E,TATTCCGAGCTGTTAT-1
E,TATTCGTGCCAGAATA-1
E,TATTTGTTACCCTTTA-1
E,TCAAACTTAGATTGTT-1
E,TCAAGGTTACTACACC-1
E,TCACAGGGAATCGCAA-1
E,TCACGTGCCCGATTCA-1
E,TCAGCAAATGCATCTC-1
E,TCAGGGTGTAACGTAA-1
E,TCATTTAAGTCTCCGA-1
E,TCCAACTTTAAATTCT-1
E,TCCAGAGCACCGGTTC-1
E,TCCAGGCGAGTACGGT-1
E,TCCCAGCTTTAGTCTG-1
E,TCCCAGGCTTAGCTAA-1
E,TCCCGCGTACTCCTGG-1
E,TCCCGGGTGTGCTGCT-1
E,TCCCGTCAGTCCCGCA-1
E,TCCCGTGTGCAATTTG-1
E,TCCGAATGGTCCTGAG-1
E,TCCGACCGCTAATCAA-1
E,TCCGATGACTGAGCTC-1
E,TCCGCCTGTCTACAAG-1
E,TCCGTTAAGCTAATAT-1
E,TCCTAACCGTCGGGCA-1
E,TCCTACATCCACGGCC-1
E,TCCTCCTAAGACATTC-1
E,TCCTCGGGCTGGGCTT-1
E,TCCTGCGTTGATACTC-1
E,TCCTTTCTTACGCTTA-1
E,TCGAAATTTAGGACCA-1
E,TCGAAGAACCGAGCAC-1
E,TCGAATATCCCGCAGG-1
E,TCGCTGTGCGTAAATC-1
E,TCGGACGCCCAGCCCA-1
E,TCGGGCCGTCGTGGTA-1
E,TCGTAAGACGACATTG-1
E,TCTATCATGCAGTTAC-1
E,TCTCCACAAGTTGAAT-1
E,TCTCGAGGAGGTTCGC-1
E,TCTGAATTCCGTACAA-1
E,TCTGCCAGAAACTGCA-1
E,TCTTCGAATAGACGTT-1
E,TCTTCGATACCAATAA-1
E,TCTTGATGCGTAGCGA-1
E,TCTTGGTAACACCAAA-1
E,TGAAAGGACCTGACTC-1
E,TGACATCGAGCGGACC-1
E,TGACGATGCACTAGAA-1
E,TGAGAGATTTACCACG-1
E,TGAGCCATACAGTCTC-1
E,TGAGCGGAAAGTGTTC-1
E,TGAGTGCCTCTTAAAT-1
E,TGATCGGTTTGACCCT-1
E,TGATCTCCGGCGCCAG-1
E,TGCAGGATCGGCAAAG-1
E,TGCAGTTTCCTCCCAT-1
E,TGCATGGATCGGATCT-1
E,TGCCACCTGGCGAAAC-1
E,TGCCAGTACGTGGAGA-1
E,TGCCGTGGATCGTCCT-1
E,TGCCTTGGCCAGGCAA-1
E,TGCGACACCCTAGTGC-1
E,TGCGCAAAGCATTTGG-1
E,TGCGGAGTAAAGGTGC-1
E,TGCTAAGTGTCTATTT-1
E,TGGAAGGATAAAGATG-1
E,TGGACTGTTCGCTCAA-1
E,TGGAGTGATGCGATGA-1
E,TGGCAAACTAAATTAC-1
E,TGGCCAAACTGAAGTA-1
E,TGGCGACTGCTCCAAA-1
E,TGGCGATCAAGTTATG-1
E,TGGGAAATGCCTTTCC-1
E,TGGGCCCATACTAATT-1
E,TGGGTAAGGTTCCCGC-1
E,TGGGTTTCGGGCGTAC-1
E,TGGTCCCACGCTACGG-1
E,TGGTTCGTAGCAAAGG-1
E,TGTACCTACACGAGGG-1
E,TGTAGGAGAAATTTCC-1
E,TGTATAACAGATCCTG-1
E,TGTCATTTGTTGGGAA-1
E,TGTGGTTGCTAAAGCT-1
E,TGTTATTGTATGTGGC-1
E,TGTTCTTCCATTGACT-1
E,TTAACCAACCCTCCCT-1
E,TTAATGTAGACCAGGT-1
E,TTACTCCGGCCGGGAA-1
E,TTAGACGAGTCACCTC-1
E,TTAGCTAATACGATCT-1
E,TTAGGTCATAACCGAC-1
E,TTATATACGCTGTCAC-1
E,TTATCTGTATCATAAC-1
E,TTATGAATGAAAGGGA-1
E,TTATGATCTTAACGAA-1
E,TTCACGGTCGTCACGT-1
E,TTCACTTCCTAGAACG-1
E,TTCAGCCCTGGTCCAC-1
E,TTCATGGCGCAACAGG-1
E,TTCCAATCTGGCTATC-1
E,TTCCGGTTACCCACTT-1
E,TTCCTCGAGGGTGTCT-1
E,TTCGACAGAGCCCGTG-1
E,TTCGACGGGAAGGGCG-1
E,TTCGCACTCGCGTGCT-1
E,TTCGCACTGTACGACA-1
E,TTCGCGCGCCATACGA-1
E,TTCTAACCGAAGCTTA-1
E,TTCTAGGCCAATTGTG-1
E,TTCTTAGTGGCTCAGA-1
E,TTCTTGGACGATCTGC-1
E,TTGAAGGATGGGCGCC-1
E,TTGACAGGAGCTCCCG-1
E,TTGACATGAACGTGGA-1
E,TTGACTACCATATGGT-1
E,TTGAGCAGCCCACGGT-1
E,TTGATTAGCTGTTTCT-1
E,TTGATTATGCAGATGA-1
E,TTGCACGGAGCAGCAC-1
E,TTGCTCCCATACCGGA-1
E,TTGGATATCGTCTACG-1
E,TTGGGACACTGCCCGC-1
E,TTGGTCACACTCGTAA-1
E,TTGTCGTTCAGTTACC-1
G,AAATTACACGACTCTG-1
G,AAATTACCTATCGATG-1
G,AACACACGCTCGCCGC-1
G,AACCTTTACGACGTCT-1
G,AACGCGACCTTGGGCG-1
G,AACGTGATGAAGGACA-1
G,AAGATTGGCGGAACGT-1
G,AAGCCGCCGTGAAATC-1
G,AAGGGACAGATTCTGT-1
G,AAGTCAATTGTCGTCA-1
G,AATATCGAGGGTTCTC-1
G,AATCTATGCCGGAGCC-1
G,AATGATGATACGCTAT-1
G,AATGCACCAAGCAATG-1
G,AATTCATAAGGGATCT-1
G,ACAATTTGAGCAGTGG-1
G,ACACATGATCAAATCT-1
G,ACAGCGCACCCGCAGC-1
G,ACCCTTTAGTTCTCCA-1
G,ACGAGATATTTGCTTA-1
G,ACGAGTACGGATGCCC-1
G,ACGATACATAGAACTA-1
G,ACGCTAGTGATACACT-1
G,ACTATCCAGGGCATGG-1
G,ACTCCCGAATTCGTTT-1
G,ACTTTACCCTCATGAA-1
G,AGAACCCTCAATTGGG-1
G,AGAGAACCGTCTAGGA-1
G,AGCCCGGCATTAGAGG-1
G,AGCCCTCCCTGGTGGC-1
G,AGCGAGACGTGAAGGC-1
G,AGCGCGGGTGCCAATG-1
G,AGCTCTTCCCAGTGCA-1
G,AGCTGAAGTAAACCAA-1
G,AGGACGCTCGATGTTG-1
G,AGGCAGATGCGTAAAC-1
G,AGGGAAACGAGGTACT-1
G,AGGGACCGGCTGCGTT-1
G,AGGGTTCCCTTTGGTT-1
G,AGGTATAATTGATAGT-1
G,AGTACATCATTTATCA-1
G,AGTAGGAAGGAAGTTG-1
G,AGTGAGCCTCGCCGCC-1
G,AGTGTATTGCGCATTG-1
G,AGTTAAGCGGTCCCGG-1
G,AGTTACTCTATCGTGG-1
G,ATAAGTAGGATTCAGA-1
G,ATAAGTAGGGCGACTC-1
G,ATACGGGTTTCGATTG-1
G,ATAGACAACGGGACCT-1
G,ATAGAGTTATCAACTT-1
G,ATATCAACCTACAGAG-1
G,ATATCTCCCTCGTTAA-1
G,ATCACATTAGAATATC-1
G,ATCAGTAGGCAGGGAT-1
G,ATCGCTGCGTGCAGCA-1
G,ATCTGCACCTCTGCGA-1
G,ATGCCGGTTGATGGGA-1
G,ATGGAAATTTAAGGAG-1
G,ATGGGCCTCGGCCTCT-1
G,ATTACAACTACCGGCC-1
G,ATTCTTCGTACTTATG-1
G,ATTGATGAGTCCTAAC-1
G,ATTGTACAACTCGGCT-1
G,ATTGTCGCAATACCTT-1
G,CAAACTACGATAGAGA-1
G,CAACTATATCGAATGC-1
G,CAAGGTCCTATAGGCT-1
G,CAATGGATCTCTACCA-1
G,CACATTCTTTCGATGG-1
G,CACCAATCATCCGTCT-1
G,CACCCAAATCTTATGT-1
G,CACCCACGAGGCAATT-1
G,CACCGATACACCGAGC-1
G,CACCTTGCGAAACTCG-1
G,CACTCCTCTCGGTCGG-1
G,CAGCCGGGCCCTCTAT-1
G,CAGCCTCTCCTCAAGA-1
G,CAGTAGCCCACGCGGT-1
G,CAGTGAATAAATGACT-1
G,CATACTTCTTTCTCCG-1
G,CATAGTACATTGAGAG-1
G,CATATTATTTGCCCTA-1
G,CATCCAATATAGTTTG-1
G,CATGGGTCGGGTGTGG-1
G,CATTTAGCGGACCATG-1
G,CATTTATCGTTCAAGA-1
G,CCAATTACGGGTCGAG-1
G,CCACGGTGCCCGGTAG-1
G,CCAGTCTAGACGGCGC-1
G,CCATACCTTTACTTGT-1
G,CCCGCAGGGCCCAAAG-1
G,CCCTCGATAATACACA-1
G,CCGCCTGCGAATTGGT-1
G,CCGCTTGCTGACATGG-1
G,CCGTTACGTTAGAACA-1
G,CCTAAAGGCTGACGCT-1
G,CCTAACTAAGGCTCTA-1
G,CCTATATCGTGTCACG-1
G,CCTATCTATATCGGAA-1
G,CCTATGAAGTGGTGCC-1
G,CCTCACCTGAGGGAGC-1
G,CCTCACCTTAGCATCG-1
G,CCTCGAAGTGGACGGG-1
G,CCTCGCGCGATATAGG-1
G,CCTCTACAAGGATTGG-1
G,CCTGTCCCTCACGTTA-1
G,CCTTTCAATGAAGAAA-1
G,CGAAACATAGATGGCA-1
G,CGACTCAGGATGTTAT-1
G,CGACTTTGTATAGCCT-1
G,CGCATCATGGCTTCAG-1
G,CGGAGCTTATAACACC-1
G,CGGCACCGTTAGCGCC-1
G,CGGTAGAGGTGCAGGT-1
G,CGGTCTATCAACCCGT-1
G,CGTGACATTGGGTCGT-1
G,CGTTAGCTCACAACTG-1
G,CGTTTCACTTCGGGCG-1
G,CTAAATCCTATTCCGG-1
G,CTAACGAAACTTGCTG-1
G,CTACGCCATTTCCGAT-1
G,CTACTATCTTTCAGAG-1
G,CTAGATGTGAGTGTAA-1
G,CTAGGGATAGGGACAA-1
G,CTAGGTCTGAAGGAAT-1
G,CTATAAGAGCCAATCG-1
G,CTCAGTCACGACAAAT-1
G,CTCGATATTTGCGAGC-1
G,CTCGCATTGCATAGCC-1
G,CTGACTGCGCAGCTCG-1
G,CTGCCTTTAATACCTT-1
G,CTGCGGTAGTCACGTG-1
G,CTGGCGACATAAGTCC-1
G,CTGGTAACGAGCTCTT-1
G,CTGTCAAATGGCTCGG-1
G,CTTAGTAGGCCTACAG-1
G,CTTGTGCTCACCGATT-1
G,GAATATTCGGAGTCCC-1
G,GAATGTATGGCAGGTC-1
G,GACCGTCAGGTCGTGA-1
G,GACTACAATTGCTCGT-1
G,GACTCACCCACGTGAG-1
G,GACTCGCGGGAATGAC-1
G,GAGAGTCTCGGGAGAG-1
G,GAGCTAAGGGCATATC-1
G,GATATGCGGTAGCCAA-1
G,GATATTGAGATTGGCG-1
G,GATATTTCCTACATGG-1
G,GATCCTAAATCGGGAC-1
G,GATGGTGCCCTAGGCA-1
G,GATTCGACGGTTCACG-1
G,GATTGCTCCAGTTGCA-1
G,GCAAGCTGGAAACCGC-1
G,GCAGGTAGAGTATGGT-1
G,GCATGAGGGACGCGGC-1
G,GCCAACCATTTCCGGA-1
G,GCCACTCAGAGCGCGA-1
G,GCCAGGAGTAACCGAT-1
G,GCCATATTGCACACAG-1
G,GCCTATAGTGTCAGGG-1
G,GCGAGAGTTGCGTCCA-1
G,GCGAGCGCATGCTCCC-1
G,GCGCATCCAGTCAGCA-1
G,GCGCTGATCCAGACTC-1
G,GCGCTGCTTTGCATTT-1
G,GCGGTGAACTGCGCTC-1
G,GCGTAAATGGCCATAA-1
G,GCTAGCGATAGGTCTT-1
G,GCTCGGAATTTAAAGC-1
G,GCTTATGAAGCAGGAA-1
G,GCTTGGATCGATTAGG-1
G,GCTTTCAGAGGAGGTG-1
G,GGAAAGTGCCCATGCC-1
G,GGAAGCTCGCTTACAG-1
G,GGCATATCGGTTCTGC-1
G,GGCCGTTTGGGTTTCA-1
G,GGCTAAAGGGCGGGTC-1
G,GGGAATGAGCCCTCAC-1
G,GGGCGTCCACTGGCTC-1
G,GGGCTCATCGAACCCA-1
G,GGTACCATTAAGACGG-1
G,GGTTTCAATCGGTCAG-1
G,GTCCTTCTAGTGGGTT-1
G,GTCGGATGTAGCGCGC-1
G,GTCTCGATCTGCTTTC-1
G,GTCTTAGTACAGCCGG-1
G,GTGAAACGGCGCCACC-1
G,GTGAACTCCCATTCGA-1
G,GTGATCAAGCGTGCAC-1
G,GTGATGCACAACATCT-1
G,GTGCCTCAGTGTACGG-1
G,GTGGAACCTACATGCG-1
G,GTGGTTACTTCTTTCG-1
G,GTTAACTATGTTGTCA-1
G,GTTAGCCGTAAATCAA-1
G,GTTCATCGTTTGGCTG-1
G,GTTCGACAATTGTATA-1
G,GTTCGGGCGTACCATT-1
G,GTTGGATTCAGTGGCT-1
G,GTTGGATTGAGAACAC-1
G,TAAAGCTGCAATAGGG-1
G,TAAATTTAGTAACACC-1
G,TAACCTACCGTCCGAG-1
G,TAATAAACAAGGAGAT-1
G,TAATAGTGACGACCAG-1
G,TAATCGATCCGTACGT-1
G,TACCTCCACACCAATG-1
G,TACGCTATAGAAACCT-1
G,TACGGGATGCTAGCAG-1
G,TACTCTCCGAACAAAT-1
G,TAGAAACCACTAAGTA-1
G,TAGGCATGTTACGCCA-1
G,TAGGTGCTCGCCTAGC-1
G,TAGTACCACAACTTTC-1
G,TAGTCTGTGACGTTGC-1
G,TAGTTAAGATAGGATA-1
G,TATCGATCTATGCATA-1
G,TATGATCCGGCACGCC-1
G,TATGTCAAGACCGACT-1
G,TATTTATACCGAGTAG-1
G,TCAAGAAATACTAGCT-1
G,TCACCGCTCGGCACTC-1
G,TCACTACGACCAATGC-1
G,TCACTCGTGCAACGGC-1
G,TCAGAACCTCCACAGG-1
G,TCATGCAGGTTCTCAT-1
G,TCCCTAGATCAATAGG-1
G,TCCCTTAGATTACTCG-1
G,TCCGGCCTAGCGTACA-1
G,TCCGTTTAGCCTTGAA-1
G,TCCTCTGGCCCATTAG-1
G,TCCTGCCAACTGGAGA-1
G,TCGCTAAACCGCTATC-1
G,TCGCTTTAAACGTTTG-1
G,TCGGGAACGTGCCTAG-1
G,TCGGTCCCTGACTCCA-1
G,TCTAGGTGGCGACGCT-1
G,TCTCCAACGTAGGTTA-1
G,TCTCGAACGAGGTCAC-1
G,TCTTACCGGAACTCGT-1
G,TCTTCCCATGGGCACA-1
G,TCTTTAAGACTATGAA-1
G,TGACACTTCTCTTTGC-1
G,TGAGCTTTAATGACGC-1
G,TGATCCCAGCATTAGT-1
G,TGCCATTACTAAAGAA-1
G,TGCCTGATCAAACGAT-1
G,TGCTTAGAGAGAATGC-1
G,TGGAACCACTGACACA-1
G,TGGAGAATAATCGTCC-1
G,TGGCAACTCGCGCGCC-1
G,TGGTTAAGGGCGCTGG-1
G,TGGTTGGAGGATCCTG-1
G,TGGTTTAAACGTGGGT-1
G,TGTCGTTATCACATAT-1
G,TGTGGCAAAGCGTATG-1
G,TGTTGTCAAGAAGTCT-1
G,TGTTTAATACTTCATC-1
G,TTAAACTCGAATTCAT-1
G,TTAATCAGTACGTCAG-1
G,TTACAGACCTAAATGA-1
G,TTACCCATTGCCGGGT-1
G,TTAGACACGATCGTTG-1
G,TTCACGAAAGGATCAC-1
G,TTCCAATCAGAGCTAG-1
G,TTCGGCAACCCGCTGA-1
G,TTCGTAATCCCAGCGG-1
G,TTCTCTTACAGGTGAT-1
G,TTCTGCTAGACTCCAA-1
G,TTCTTGGAGTAATGAG-1
G,TTGATGTGTAGTCCCG-1
G,TTGCGTGAACGCTTAG-1
G,TTGCTGGCCGGGCTTC-1
G,TTGGCCTAGAATTTCG-1
G,TTGTCACCGCGGTATC-1
P,ACCTACTATAAATCTA-1
P,AGCCCGCAACAAGCAG-1
P,AGTAGAAGGCGCCTCA-1
P,ATATGGGATAGCAACT-1
P,ATCCCATTTCCGTGGG-1
P,ATTATCGGAATGTACG-1
P,ATTGTCTGTTTCATGT-1
P,CAAGTAAGTGATAGAC-1
P,GATAGAACCCGCTAGG-1
P,GATGCTACCTTCGATG-1
P,GCCGGTCGTATCTCTC-1
P,GCGCGGTCTAGTAACT-1
P,GCTCCATGCAAAGCAA-1
P,GTCTCCGCCTCAATAC-1
P,GTTCAGTCGCCAAATG-1
P,TATCCTATCAACTGGT-1
P,TCGTACCGACGTCAAG-1
P,TGAGGTGTGTGGCGGA-1
P,TGCAAAGTTCGTCTGT-1
J,AAACACCAATAACTGC-1
J,AAACAGCTTTCAGAAG-1
J,AAACCTCATGAAGTTG-1
J,AAAGACTGGGCGCTTT-1
J,AAAGTCACTGATGTAA-1
J,AAAGTCGACCCTCAGT-1
J,AACCCAGAGACGGAGA-1
J,AATAAGTCCTCGAGAC-1
J,AATACAATGTTTCAGG-1
J,AATCTCTACTGTGGTT-1
J,AATGGTCCACCGTTCA-1
J,ACCAAACTAGAAATCC-1
J,ACCAGACCATAACAAC-1
J,ACCATCCGCCAACTAG-1
J,ACCCACCTACATGCTC-1
J,ACGCTGTGAGGCGTAG-1
J,ACGTCTCGTTCCGGGA-1
J,ACTTAGTACGACAAGA-1
J,ACTTGTAGTCCCTTCA-1
J,ACTTTGACTGCATCCT-1
J,AGAAGGTACACTTCAC-1
J,AGACCAAACCACACCT-1
J,AGACCGGGAAACCCTG-1
J,AGAGCAGTTATGAGAC-1
J,AGATGCAAGACGTGCA-1
J,AGATGCATCCTGTGTC-1
J,AGCAACCGAAAGTAAT-1
J,AGCACTACCGGCCTGT-1
J,AGCCTTAAAGCGGAAG-1
J,AGCGGCGGTTAGCGGT-1
J,AGGCTTGCTAGACACC-1
J,AGGTGTATCGCCATGA-1
J,AGTGGCTCCGTCGGCC-1
J,AGTGGTGTTACCCGTG-1
J,AGTTACCGCACATGGT-1
J,ATCCAATGGTACCGAA-1
J,ATGTGTAGTTTAGTCA-1
J,ATTCGACGCCGGGCCT-1
J,CAACGGTTCTTGATAC-1
J,CAATACGCTCTGAGGC-1
J,CAATTGGGCCGCACTC-1
J,CACCACGCCACACAGA-1
J,CAGCCCTCACAGGCAG-1
J,CAGCGCCAACACGATA-1
J,CATAAGCTCTCCGTCT-1
J,CATACAAAGCCGAACC-1
J,CATCGCCCGCGGCCAA-1
J,CATGCATGGAGACCCT-1
J,CCAGAGACAAAGCCGG-1
J,CCAGCTTCCGCCCGCA-1
J,CCAGTCAAATCTCTTA-1
J,CCATGGCCCTTGTACC-1
J,CCCAGTAAACTTGGGA-1
J,CCCGAAGTTTCGCGAA-1
J,CCCGGTGGAAGAACCT-1
J,CCCGGTGTATCGGAAT-1
J,CCCTATGTAGAGCAGA-1
J,CCCTCATTCTGGAATT-1
J,CCCTGACTAACAAATT-1
J,CCCTGGCTGTTCCTTC-1
J,CCGACAAAGGGAGTGC-1
J,CCGATTCGAGGGACCC-1
J,CCGCCTTGCGATGTCG-1
J,CCGCGATTTGGTAGGT-1
J,CCGGCGTGAGACTCTG-1
J,CCTAGGTAAAGGTAGC-1
J,CCTCCTGAGCCCACAT-1
J,CCTGCGTTCTACGCTT-1
J,CGACGCATCCGTACCT-1
J,CGAGAGCGCGTAGATA-1
J,CGAGCGTTGATCAGCC-1
J,CGCCACAGGTCGCGAT-1
J,CGCCCTTGAAGGCTGA-1
J,CGCCGACTATTCGCTA-1
J,CGCGTCATATTAAACC-1
J,CGCTATTCAATGTATG-1
J,CGCTTTCATACCGGTG-1
J,CGGACGTTACTTGAAG-1
J,CGGATAAGCGGACATG-1
J,CGGCACTCAAGAAAGT-1
J,CGTCAAGGCTATAAAT-1
J,CGTCATACCATATCCA-1
J,CTCTCTAACTGCCTAG-1
J,CTGATAGTGTATCTCA-1
J,CTGGACGCAGTCCGGC-1
J,CTGGCGGGAATAAGTA-1
J,CTGGTCATTCCAATCC-1
J,CTTATGCGCTCAGGGC-1
J,CTTCAGTGGTCGCCTA-1
J,CTTTGGCGCTTTATAC-1
J,GAAACATAGGAAACAG-1
J,GAAAGCCCTTTGGACC-1
J,GAACCTCGACCTACAC-1
J,GAACGTTAGGAAGACG-1
J,GAAGAACGGTGCAGGT-1
J,GAAGACTTCAATGCCG-1
J,GAATGCCGAAATGACC-1
J,GAATGGGCTTATCGAC-1
J,GACAGATTTCTGGCTC-1
J,GACCGTTACATGCGAC-1
J,GACTGCGGCACGTGTA-1
J,GAGGCTATCAAAGTCG-1
J,GATATGGATTACGCGG-1
J,GATCGGATAGAACCAT-1
J,GATGCCAGCAGAAGGC-1
J,GATGTGTTGTCACAAG-1
J,GCAAATGAGGACACTT-1
J,GCACTAGTCGCGCTAT-1
J,GCAGATCCTCGCAAAT-1
J,GCAGGAACTTAGATCT-1
J,GCATACGAGGTCTTTA-1
J,GCATTCGAAATGAACA-1
J,GCCAAGAATACTTCTG-1
J,GCCGCATTAGTCCGGC-1
J,GCGTGTATGTCGTATT-1
J,GCTACAGTACGGACCG-1
J,GCTAGTTTCATTGAGG-1
J,GCTGAATCTTCCAATC-1
J,GGAACCTTGACTCTGC-1
J,GGAACGGCCTGCAGCC-1
J,GGAATAACCTCAAGAA-1
J,GGAGACCATCTACATA-1
J,GGATCTTGACTCAACC-1
J,GGCGAGCGAAACGGCA-1
J,GGGCAACCGCACGTGC-1
J,GGGCCCTACGAAAGGG-1
J,GGGCCTAAATGGGCTA-1
J,GGGTGGTCCAGCCTGT-1
J,GGTGCTGATCACAAAG-1
J,GGTTCGGATTATACTA-1
J,GTAGAAACGGGTGGAG-1
J,GTCATTGCATTGACCC-1
J,GTCTACTCAATTACAA-1
J,GTGAAGTCACGACTCG-1
J,GTGCTGCAGATAAGGA-1
J,GTGGACGTGCTGAGAC-1
J,GTGGCAAACAGCGGCA-1
J,GTTATTAACGTGGGAG-1
J,TAACAATATTTGTTGC-1
J,TAAGCAGGCGACACGC-1
J,TAAGGGCTGGGAGAGG-1
J,TAATGAAAGACCCTTG-1
J,TACTCGGCACGCCGGG-1
J,TAGATTCCTGGTTATT-1
J,TAGCTGATGTGAAGCG-1
J,TAGTACCTTAGTGGTC-1
J,TAGTCCTGCACTAAGC-1
J,TAGTGTCAGAAACGGC-1
J,TATACTCATGCGGCAA-1
J,TATAGCGCACGTTATC-1
J,TATAGGGTACTCATGA-1
J,TATCTTGCAATACAAC-1
J,TCAACTAACGTATAAC-1
J,TCACATCTTATCTGAT-1
J,TCACGATGTCCGTGGA-1
J,TCAGGGCGCAAACTCG-1
J,TCCCTGGCGTATTAAC-1
J,TCCGAACTTGGCTTAC-1
J,TCCGTAACCACAATCC-1
J,TCCTCTCCAGTTGTCC-1
J,TCGCCGCACCGCGTGA-1
J,TCGGGATTCAAACATA-1
J,TCGTCACACTGTTAGC-1
J,TCTAAAGAACAGTCTC-1
J,TCTATTACGCTGGCGA-1
J,TCTATTACTAGAGGAT-1
J,TCTTACAGAGGTACCG-1
J,TGAGACGTACCTCTCA-1
J,TGATTCAGGTCCCGCG-1
J,TGCAGCTACGTACTTC-1
J,TGGAATTAGACGCTTT-1
J,TGGAGCTAAAGTTCCC-1
J,TGGCCAATTTGGTACT-1
J,TGGCTCTTGTCGCGTA-1
J,TGGCTTTGGGTAGACA-1
J,TGGGCCACAAGAGCGC-1
J,TGGTAAGCAGGATTGA-1
J,TGGTCGTGCAAGGCAA-1
J,TGGTGATCGTATTTGT-1
J,TGTAATGACCACAATA-1
J,TGTATCCTTATTCCAT-1
J,TGTCCGTGGCGCCTTT-1
J,TGTCTACAGTTTCTGT-1
J,TGTGCTTTACGTAAGA-1
J,TGTGTTCGTATCCAAG-1
J,TTAACACCTCGAACAT-1
J,TTAACGTTAAAGCCTG-1
J,TTAAGGCCCGTACTTT-1
J,TTACCCTAACAGTCCT-1
J,TTACTATCGGCTTCTC-1
J,TTAGCTCTGTAATCCG-1
J,TTATCGCCTGCGAAGC-1
J,TTATCTGACATTAGGA-1
J,TTATGTTTGCGATAGA-1
J,TTCAGGCGTCAAAGCC-1
J,TTCCTCTGCCCGAATA-1
J,TTCTACCTCAATCGGT-1
J,TTCTGCGAGCGCCCTT-1
J,TTGAATCGTTGTATAA-1
J,TTGCGTAGTTTGAGGA-1
J,TTGCTGCACCTATCCA-1
J,TTGTGAGGCATGACGC-1
K,AAACAGGGTCTATATT-1
K,AAAGGGCAGCTTGAAT-1
K,AAAGTAGCATTGCTCA-1
K,AAATGGCCCGTGCCCT-1
K,AACAGGATGGGCCGCG-1
K,AACCCATCCCATGATC-1
K,AACCTCGCTTTAGCCC-1
K,AACGAAAGTCGTCCCA-1
K,AAGGGAACGACTGGCT-1
K,AAGGGACTATGCATTC-1
K,AAGTGAGTCGGGTTTA-1
K,AATCTAGGTTTACTTG-1
K,AATCTGGCTTTCTAGT-1
K,AATGGTTCTCACAAGC-1
K,ACAAACCATGCGTCCT-1
K,ACAATCGATCTTTATA-1
K,ACACCGGTCTGACCGC-1
K,ACAGAACTGAGAACAA-1
K,ACAGTAATACAACTTG-1
K,ACATAAGTCGTGGTGA-1
K,ACCCGAGCGAAATTAC-1
K,ACCGGTCAGGTACACC-1
K,ACCTCGAACTTATGCT-1
K,ACTACATCCCGACAAG-1
K,ACTCAAGTGCAAGGCT-1
K,ACTGCTCGGAAGGATG-1
K,ACTTCCATGCGGGACA-1
K,AGACCATGGGATACAA-1
K,AGACTAGCCTTCCAGA-1
K,AGAGATCTCTAAAGCG-1
K,AGAGCGTACAAGCTCG-1
K,AGATACGACTTCATAT-1
K,AGATTCACAACCGATA-1
K,AGCATCATTTCGAAAG-1
K,AGCCCGGTAGCCTGTA-1
K,AGCCGTGGCTAAATGT-1
K,AGCCTAATACCCACGT-1
K,AGCGTGGTATTCTACT-1
K,AGGATCACGCGATCTG-1
K,AGGCTATGGTTAGCTT-1
K,AGGTAGATCGAGATAT-1
K,AGGTTACACCATGCCG-1
K,AGTATAATACTAGGCA-1
K,AGTCGGCCCAAACGAC-1
K,AGTGTGGTCTATTGTG-1
K,AGTTAAGTCAACCGCT-1
K,ATAAAGGCTCGGTCGT-1
K,ATAATAGTGTAGGGAC-1
K,ATACGGAACGTCGTTT-1
K,ATATCAATTCCAGCCT-1
K,ATATTGCTGTCAAAGT-1
K,ATCAATGCCGTGGCTG-1
K,ATCAGCTCGTCCACTA-1
K,ATCGTGGAAAGTCTGG-1
K,ATGAGGAGTGTTAATC-1
K,ATGGCAGCATTACGAT-1
K,ATTAAACATGCGGACC-1
K,ATTGATCACCACATTT-1
K,ATTGCCTATTAGACCG-1
K,ATTTGTCTTGGGAGCT-1
K,CAAACTCGCGACGCCG-1
K,CAAAGATTATTGGGCC-1
K,CACACAGGGATAGATT-1
K,CACAGAGACGAGGACG-1
K,CACAGGGCCGTTGTCA-1
K,CACCAGTCAGCATGCA-1
K,CACTACGGGAGCTGCC-1
K,CACTGTCCAAGTGAGA-1
K,CAGATCCTGGTTTGAA-1
K,CAGGCGCACGGTGGTC-1
K,CAGTTCCGCGGGTCGA-1
K,CATGGTATTAGTTTGT-1
K,CCATAACCTGTGCAGT-1
K,CCCGCCATGCTCCCGT-1
K,CCCGCGCAATGCACCC-1
K,CCGAAGTATATTGTTC-1
K,CCGACGGGCATGAGGT-1
K,CCGCCGGAACTTCTCG-1
K,CCGCTGGTGCCATTCA-1
K,CCGGAATGGTTTCAGT-1
K,CCGGAGCGTACTTTCT-1
K,CCGGTAATGGCTAGTC-1
K,CCGTATCTCGTCGTAG-1
K,CCTACGGCTCAGTCGA-1
K,CCTATATTTGTCCTGG-1
K,CCTCACCAATCTTGAC-1
K,CCTCTATCGATTAGCA-1
K,CCTTCTCAGCGTTCCT-1
K,CCTTTGAATTATGGCT-1
K,CGAATCTGCTCGACGC-1
K,CGAATGAAGTCATTGC-1
K,CGACCCTTAACGCCGG-1
K,CGAGCACTTCAAGTTT-1
K,CGAGTGAAGGTACCAG-1
K,CGCAATTACTTTCGGT-1
K,CGCCAAGAAGCCGAGT-1
K,CGCGAGTCTGCCGGGT-1
K,CGCGCAAATGTCCAGA-1
K,CGCTATACCGCCCACT-1
K,CGCTGTGTGGATGTTG-1
K,CGCTTCCACTGAAATC-1
K,CGGATGAATGCTGTGA-1
K,CGGGAGTATACCGCCG-1
K,CGGTCCGTCGCAAGCC-1
K,CGGTGTACTTGATCCC-1
K,CGTCGGGTCTAAGCGC-1
K,CGTGACCAGTCCTCTG-1
K,CGTTCATGGTGCGCGT-1
K,CGTTGAGCGACCGTCG-1
K,CTACTATCATAGGTTT-1
K,CTATGCCCGAATGCAA-1
K,CTATGTGAGTCACGGC-1
K,CTCCCTCCTTTCGATC-1
K,CTCCTCCAGCTCACAC-1
K,CTCGGGTTCTCTGGCC-1
K,CTCGGTTGTCGGCCCT-1
K,CTCTACACTGGCGATT-1
K,CTCTTCTGGAAGTTAG-1
K,CTGCCTAGCCACCAAG-1
K,CTGGGTTGAGTTAAAG-1
K,CTTATGTTGACTACCA-1
K,CTTCAACTCCACTTGG-1
K,CTTCATAGCTCAAGAA-1
K,CTTTGTCGAATGCTCC-1
K,GAAACCTATACAAATG-1
K,GAAAGTGACTAACTGC-1
K,GAACACACATCAACCA-1
K,GAAGAAACGATATTGT-1
K,GAAGCTCGGACCCGTC-1
K,GAATTTCTCGCTGCAG-1
K,GACACTGGAACCCGAT-1
K,GACCCAATTATGATAC-1
K,GACTACAAAGCGGTGG-1
K,GAGCGCTGTTAGGTAA-1
K,GAGCTCTCGGACCTAA-1
K,GAGGCCCGACTCCGCA-1
K,GAGTAAGGCCACGGGA-1
K,GATATCAAGCAGGAGC-1
K,GATCGCTATATCTCAG-1
K,GATCGGCGATAAGTCG-1
K,GATGCCTTCTGCGGCA-1
K,GATGGCGCACACATTA-1
K,GATGTAACGAACCACC-1
K,GATGTTTGTGCGAGAT-1
K,GATTCCTATACGGCGC-1
K,GCAACACACTAGAACT-1
K,GCAACAGCAGTATGCG-1
K,GCACAAACGAGGCGTG-1
K,GCACAACCTCGGGCGT-1
K,GCCATTAGCCTCAAAC-1
K,GCCCAGTTGGTATGCC-1
K,GCCCTAGCCGTCGCGA-1
K,GCGGCAAAGTATTGCC-1
K,GCTAAACCTGAGGTGA-1
K,GCTAATACCGAATGCC-1
K,GCTATCGCGGCGCAAC-1
K,GCTGCTACTGCGTAGC-1
K,GGACCTCTAGGCCGCC-1
K,GGATGCTGGCGTTCCT-1
K,GGATTCAGTACGGTGG-1
K,GGGAACGGTTTCAGAT-1
K,GGGTATGTATGCACTT-1
K,GGGTATTCTAGCAAAC-1
K,GGGTCATGCGTACCAT-1
K,GGGTTCAGACGAACAA-1
K,GGTAACCGGGAGGATA-1
K,GGTACATCTGGGACGA-1
K,GGTCGTAAGCTCGCAC-1
K,GGTGAGATGCAGATAA-1
K,GGTTAGTTACGGCGCC-1
K,GTACTTGGGCACTTCT-1
K,GTATCAGCTTGGGTTC-1
K,GTATCTCAGTCTTGAC-1
K,GTATTAAGGCGTCTAA-1
K,GTCAAAGAAGTGGTGT-1
K,GTCCTACAGGCGGCTC-1
K,GTCGGATATCTCAGAC-1
K,GTGGAGCGTTTACCGA-1
K,GTGGGAAGACTGAATC-1
K,GTGGTATAGTCTGCCG-1
K,TAACATACACGCGATC-1
K,TAACTCCATGGAGGCT-1
K,TAAGAGGGACAGGGAC-1
K,TAAGGAACTTGTGGGA-1
K,TAATAGGTCACCAGAA-1
K,TAATTAGATGGATATG-1
K,TACATCCCTATCCCTG-1
K,TACGCTGCTGTGTTAA-1
K,TACTTTCCGCACGCCA-1
K,TAGGCGATGAGGTCTC-1
K,TAGGTGAGCCCTACTC-1
K,TATACACGCAAAGTAT-1
K,TATATAGGGCTTTACG-1
K,TATATATCGAGAAATG-1
K,TATCTACCACAGCGGG-1
K,TATTAACACCAAAGCA-1
K,TCAAAGTCACGGCGTC-1
K,TCAACAAAGATAATTC-1
K,TCAACATCGACCGAGA-1
K,TCAACCATGTTCGGGC-1
K,TCAATACGCCGTCATG-1
K,TCATACTTACAGATCC-1
K,TCATCGATGGTCCCAA-1
K,TCCAATAAAGGCTACC-1
K,TCCTCTACGAGATGGC-1
K,TCGACAACTGAACCCG-1
K,TCGCATCCCTAAGTGT-1
K,TCGGAATGACCATCAA-1
K,TCGGCGTACTGCACAA-1
K,TCGGTCCCGACAATAG-1
K,TCTGAACCGGTCGGCT-1
K,TCTGAACTCGTACCCG-1
K,TCTTACGGCATCCGAC-1
K,TGAGGCATGTACTGTG-1
K,TGATTTCCTCCTGACG-1
K,TGCAGATCGTCCTAGG-1
K,TGCCAAAGTCAGACTT-1
K,TGCGAATATGGGATTT-1
K,TGCTATGGCAAAGGGA-1
K,TGGACCAATCTAAGAT-1
K,TGGACGCAATCCAGCC-1
K,TGGCAGCAGTAATAGT-1
K,TGGCATGAAGTTTGGG-1
K,TGTGTCGCGAGTTGCA-1
K,TTAACTCACGCGTGGA-1
K,TTAAGCGCCTGACCCA-1
K,TTACATCGTGGCCTGG-1
K,TTATCCTCAAGGAATA-1
K,TTCAATTAGCCATAAT-1
K,TTCCCGGCGCCAATAG-1
K,TTCCGCGTGAGGCGAT-1
K,TTCGCCGCTCGCGCTA-1
K,TTCGTACTCCAGAACG-1
K,TTCTACTTGCGAGGGC-1
K,TTCTGCCGCGCCTAGA-1
K,TTCTTAGTGAACGGTG-1
K,TTGAACGAATCCTTTG-1
K,TTGCACAATTCAGAAA-1
K,TTGCCATAGCCCGCTC-1
K,TTGCCGCAGACCTACA-1
M,AAACCGGGTAGGTACC-1
M,AAAGGGATGTAGCAAG-1
M,AAATGGCATGTCTTGT-1
M,AACAGGAAATCGAATA-1
M,AACCGTTGTGTTTGCT-1
M,AACCTTTAAATACGGT-1
M,AACGTTATCAGCACCT-1
M,AACTTGCCCGTATGCA-1
M,AAGTGCAAAGGTAGAC-1
M,AAGTGCTTCTCTATTG-1
M,AAGTTCAGTCTGCGTA-1
M,AATGTGCTAATCTGAG-1
M,ACAACAGCATGAGCTA-1
M,ACAAGCAGTGCCTAGC-1
M,ACAATAGTCGTACGTT-1
M,ACAATCCATTTAAACC-1
M,ACAATTTAGGAGGCTC-1
M,ACACACTTTCTACACG-1
M,ACACGAGACTCCTTCT-1
M,ACACGGCACTATGCAT-1
M,ACATCGGTCAGCCGCG-1
M,ACCAACGCTTATTTAT-1
M,ACCCAACGCCCGTGGC-1
M,ACCTAAGTACCTTTCA-1
M,ACTATTCGTCCGTGGT-1
M,ACTCAGACCTGCTTCT-1
M,ACTCCAATATCATCAT-1
M,ACTGCCCGCCATTCTC-1
M,ACTGCCGTCGTAACTC-1
M,ACTTATACTTACCCGG-1
M,ACTTGCCATATTGTAC-1
M,AGAATTATGGATTCGA-1
M,AGACCCGCCCTCCTCG-1
M,AGAGCGGGCTAATCAT-1
M,AGCCACTCCCGTGCTT-1
M,AGCCCATACATGTAAG-1
M,AGCCCTTCTAATCCGA-1
M,AGCGACATCCCATTCA-1
M,AGCTATTTAATCCAAC-1
M,AGCTTGATCTTAACTT-1
M,AGGCCCTAGAACGCCA-1
M,AGGGCGAGCAGCTGAT-1
M,AGGGCGTGATCGGCTA-1
M,AGGGTGGATAGTGCAT-1
M,AGGTTTCACACACCTT-1
M,AGTAATGTCTTGCCGC-1
M,AGTGGCGGCAATTTGA-1
M,ATACTTGTTCTCGAGC-1
M,ATCACGTGCTAATTAA-1
M,ATCTTGACTTGTCCAA-1
M,ATGCATGATCCAGGAT-1
M,ATGCCATTTGCGACCA-1
M,ATGCGACAGTCCCATT-1
M,ATGGCAGCCGAGAAAC-1
M,ATTAATACTACGCGGG-1
M,ATTAATGAACCAGTCG-1
M,ATTCAGTAGCAGGGTC-1
M,ATTTGTTCCAGGGCTC-1
M,CAAATGTCCTTCCGTG-1
M,CAAGTGAACTTTGGTT-1
M,CAATCCCTATACCAGC-1
M,CAATCCTGCCGTGGAG-1
M,CAATTAAGGGTGATGA-1
M,CACCCTTTCCTCGCTC-1
M,CACCTAATAGAGTCGT-1
M,CACCTCGATGGTGGAC-1
M,CACGGGATTGAGGGTT-1
M,CAGATCATTTAAAGTC-1
M,CAGCCTCCTGCAGAGG-1
M,CAGGAAGACTTTATAT-1
M,CAGTAACTATTTATTG-1
M,CAGTACATTCTCTAAA-1
M,CATAACGGACAGTCGT-1
M,CATAGTCCACAAGAAC-1
M,CATATACTACTGATAA-1
M,CATATGTCAGGCTACG-1
M,CATCGTCCGGTTACTA-1
M,CATGCCAACTCGCAAA-1
M,CATGCGACCAGTTTAA-1
M,CATGGCAGGAAGATCG-1
M,CCACGAGAAGAGAATC-1
M,CCACGGAGCCATAAGA-1
M,CCATAAACAACCCGAC-1
M,CCATATGGAAACTATA-1
M,CCCAAACATGCTGCTC-1
M,CCCTGCCCAATCCGCT-1
M,CCCTTTGACAGGTCTT-1
M,CCGAAAGTGGTGAGCA-1
M,CCGAACACTGGGCCTC-1
M,CCGCCGGTCAACACAC-1
M,CCGCTTACCTCACTCT-1
M,CCGGCGCATATTGGAT-1
M,CCGGGACCCGCAGAGA-1
M,CCGGGTTCGAGGTTAC-1
M,CCGGTTTGTAATTGTG-1
M,CCTACTGCTTACACTT-1
M,CCTATACCGTCCTGTC-1
M,CCTCCGACAATTCAAG-1
M,CCTCGGATGCTACCTG-1
M,CCTGAGAATAAATGCA-1
M,CGAAACGCAATTCATG-1
M,CGAAGCTATAAATTCA-1
M,CGACAGTTCGCGTTAT-1
M,CGAGCTGGGCTTTAGG-1
M,CGAGGGACTGCGGTCG-1
M,CGAGTGCTATAGTTCG-1
M,CGAGTTCTGTCCCACC-1
M,CGATCTGTTGGAGGAC-1
M,CGATGGACCCTACGCC-1
M,CGCACATGTCCACTAC-1
M,CGCATCCATCAGCCAG-1
M,CGCGGTCACAAACCAA-1
M,CGCTTTCTTGCATTCG-1
M,CGGGTGTACCCATTTA-1
M,CGGTCAAGTGGGAACC-1
M,CGGTGCAGATAGAACG-1
M,CGGTGGGCTCCAGCCT-1
M,CGTAGCGAATTGTCAG-1
M,CGTAGCGCCGACGTTG-1
M,CGTCAGTGCGCACAAG-1
M,CGTTGTTTCAATTCCC-1
M,CTAAAGAATGCCTACT-1
M,CTAACCGCGCGCCCGT-1
M,CTACAAGAAATAACCC-1
M,CTACCCTAAGGTCATA-1
M,CTACGACTAGCTATAA-1
M,CTAGCCGATGTTATGA-1
M,CTATAGGCGTTGATGT-1
M,CTCACTTGGCTGGTAA-1
M,CTCCTTTACGCAAGTC-1
M,CTCGTTTCTAATGTTT-1
M,CTCTAATGCATTGATC-1
M,CTCTGCGAAGCAAGCA-1
M,CTGCCAAGGTTGGAAG-1
M,CTGCCCACGAAGCGTT-1
M,CTGGCATCCGAATGAG-1
M,CTGGGCCTGCTATATC-1
M,CTTAAATAAGACCCAT-1
M,CTTAACTTCGAAGTAC-1
M,CTTAGCCCGGATAGTG-1
M,CTTAGCCTTCCACATG-1
M,CTTCTATTAATGCTAG-1
M,CTTGCAACCGCCTCCT-1
M,CTTGTTTATGTAGCCA-1
M,GAAACCGAATTACCTT-1
M,GAACGACCGAATGATA-1
M,GAATCGCCGGACACGG-1
M,GAATTCACCCGGGTGT-1
M,GACGCTTGCTTCTAAA-1
M,GACGGACCGCGTTCCT-1
M,GAGATCTGCTTGGCAT-1
M,GAGCATCAACAACTTG-1
M,GAGCATCATCCCTGGG-1
M,GAGTAAACCGGAAAGT-1
M,GATATCTCATGCAATA-1
M,GATCCTCGACACTGGC-1
M,GATGCGAATGGTATTA-1
M,GATGCTACAAGCGCCT-1
M,GATTGACACTCTGCTC-1
M,GCAAATATTACGCTTT-1
M,GCAACCACGGCCGCGT-1
M,GCAAGAATTCCTTGGC-1
M,GCAGCACACAGCCCAG-1
M,GCATCCCTAACTTTGA-1
M,GCCAATAGGGCATCTC-1
M,GCCACAATTTAAGGAC-1
M,GCCCGTAATACCTTCT-1
M,GCCTATTTGCTACACA-1
M,GCGGCTCTGACGTACC-1
M,GCGTTATATTTGGAAC-1
M,GCGTTCGGAGACCGGG-1
M,GCTCGCGGTTCCGCTC-1
M,GGAACCCGAACAAGAA-1
M,GGACAAGTTGCAGTGA-1
M,GGAGCACCAAGAACTA-1
M,GGATGTCCTTACCGCA-1
M,GGCAGCGGTAATCCTA-1
M,GGCGCATGAATTGATG-1
M,GGCGTCCTATCCGCTG-1
M,GGCTCGCGTTGAGGTA-1
M,GGGAACGGGAGGTTAG-1
M,GGGACAGAGTTACTCC-1
M,GGGCCCTTATCTATAC-1
M,GGGCGGGTTCCCTACG-1
M,GGGTGCATATGAAAGC-1
M,GGGTGTTTCAGCTATG-1
M,GGTAACTATGTATCTG-1
M,GGTGCGGATAAGTGGC-1
M,GGTTAGGCTTGGAGAA-1
M,GGTTGTGCTCTTGTCC-1
M,GTAACTGCCCAAGGAG-1
M,GTACTGCATGAAGCGT-1
M,GTAGCTTCCTCTTGTT-1
M,GTCATGCACCTCCGTT-1
M,GTCATGGACATGACTA-1
M,GTCCGAGAGCAATCAT-1
M,GTCGCCGTTGTGTGTT-1
M,GTCGTATTGGCGTACA-1
M,GTGAAACGTGCTCCAC-1
M,GTGAAGATTTCAAGTG-1
M,GTGAAGCCGTATAGTC-1
M,GTGAGTCTAAGACGGA-1
M,GTGCAACAAATGTGGC-1
M,GTGCACCAGCTTCAAC-1
M,GTGCACGAAAGTGACT-1
M,GTGCCATCACACGGTG-1
M,GTTACAATTGGTGACG-1
M,GTTACTTTGGGCCTAG-1
M,GTTAGAGTGTGCCGCT-1
M,GTTCGTCTAAAGAACT-1
M,GTTTCATATCGTCGCT-1
M,TACAAGTCTCGTGCAT-1
M,TACCAGCTAGGTTTAA-1
M,TACCTCACGCTTGTAC-1
M,TACGATGTTGATCATC-1
M,TACGTTTACCGGCAAT-1
M,TACTGCAATCAATTAC-1
M,TACTGGACAGCTCGGC-1
M,TAGAGATCATGCAACT-1
M,TAGGTCGCCGGAACTG-1
M,TAGTCCGCAGAGAATG-1
M,TATAAATCCACAAGCT-1
M,TATCACCCAACCGACC-1
M,TATCCATATCATGCGA-1
M,TATCTACAGAGGTAAT-1
M,TATGGATGTGCTACGC-1
M,TATGGGTACGTATCGT-1
M,TATTATGTTTGCCTGC-1
M,TATTCCTCCGCCCACT-1
M,TCCATTGTGACCTCGT-1
M,TCCCAAACAGACAACG-1
M,TCCCAAAGACGAAGGA-1
M,TCCCAAAGCCCTAAAT-1
M,TCCCTGGCTCGCTGGA-1
M,TCCGATTACATTGCCG-1
M,TCCTTCAGTGGTCGAA-1
M,TCGAGCCAGGCAGGCC-1
M,TCGATAGGCTAGTCGC-1
M,TCGCCGGTCGATCCGT-1
M,TCGCGTCCAGAAGGTC-1
M,TCGTATAGTGCAATTA-1
M,TCGTATTACCCATTGC-1
M,TCTGGCGCAAGCCGGG-1
M,TCTGGGTAGCGCTCAT-1
M,TGACCCACGTTAGACA-1
M,TGAGTGGTCCGTGACG-1
M,TGATACATTTAGCCGT-1
M,TGATCAGGGAACTGCT-1
M,TGCAAGAATGACGTAA-1
M,TGCATGTGGTAATCTA-1
M,TGCGATGCTAATGGCT-1
M,TGCGTTTGTTGACACT-1
M,TGCTGTTGAAGAACTC-1
M,TGGAAGAAGGGAACGT-1
M,TGGAATATCCTTGACC-1
M,TGTAGTGATCTATAAT-1
M,TGTATGGCGCAGACAG-1
M,TGTGACTACGCCAGTC-1
M,TGTTCATAAATGTGCT-1
M,TTAACTTCAGGTAGGA-1
M,TTAAGCCGACAACTTC-1
M,TTAATTTCAGACGCGG-1
M,TTACTCTGGTACGTAC-1
M,TTAGTAGGGCGGCGGG-1
M,TTATATTTGGCAATCC-1
M,TTCAACGACCCGACCG-1
M,TTCCGCAGAGAAATAT-1
M,TTCGGCTAGAGATGGT-1
M,TTCGGGCGCTAGTCTT-1
M,TTCTAGAAAGTCTTAT-1
M,TTCTTGTGTCCATCAG-1
M,TTCTTTGGTCGCGACG-1
M,TTGAAGAATTCCCAGG-1
M,TTGAGAGTACTGCTAA-1
M,TTGATAGTCAATACAT-1
M,TTGCCCTGATCACGGG-1
M,TTGCTGAAGGAACCAC-1
M,TTGTAAGGCCAGTTGG-1
M,TTGTGGCCCTGACAGT-1
M,TTGTTTCCATACAACT-1
O,AAACGAAGAACATACC-1
O,AAACTTGCAAACGTAT-1
O,AAAGACCCAAGTCGCG-1
O,AACACGACTGTACTGA-1
O,AACCAAGACTTCTCTG-1
O,AACCCTGGTGGAACCA-1
O,AACGATAGAAGGGCCG-1
O,AAGTGACGACCGAATT-1
O,AAGTTTACTAATGGCA-1
O,AATAACAACGCTCGGC-1
O,AATATTGGAGTATTGA-1
O,AATCCAAGGGCCTGAG-1
O,AATCGGGACACTACGA-1
O,AATTTGGTTCCAAAGA-1
O,ACAGATTAGGTTAGTG-1
O,ACAGCATAGAGCCAGT-1
O,ACATCAGCTGGGACGC-1
O,ACATCGTTAACCTAGT-1
O,ACCCTTCATCTGCGAA-1
O,ACCGAAAGGGCCCTGC-1
O,ACCGTTCCCGCTCTGA-1
O,ACCTGCGTGTCATGTT-1
O,ACGAAATGGGCGGCAC-1
O,ACGATCATACATAGAG-1
O,ACGATGGATCCGATGC-1
O,ACGCGCTACACAGGGT-1
O,ACGTACAGATTTCTCT-1
O,ACGTTCCGCGCTCCGT-1
O,ACGTTTAGTTGTGATC-1
O,AGAATAAATCTTCAGG-1
O,AGACAGCTCAGAATCC-1
O,AGCCCTAAGCGAAGTT-1
O,AGCGGGAAGGGTCCAT-1
O,AGGACATCGCACGTCG-1
O,AGGCCCATTGTACAGG-1
O,AGGGCAGCGGCGTGGT-1
O,AGGTAACCTCCTATTC-1
O,AGGTACGATATTGCCA-1
O,AGTACGGCCCGTATCG-1
O,AGTGGTTGCGTATAGG-1
O,ATACCACGGGCAACTT-1
O,ATACCAGCAAATTGCT-1
O,ATACCAGGCTAATAGA-1
O,ATACGGTGAAGATGCA-1
O,ATAGTCTTTGACGTGC-1
O,ATATTCCCACAGGTCA-1
O,ATCCAATGGAGGGTCC-1
O,ATCCTGAATCGCTGCG-1
O,ATCGGTTACCTAGTAA-1
O,ATGATCGGGAATAGAC-1
O,ATGTTCGTCGACCCAC-1
O,ATTAATTCGGTCACTC-1
O,ATTACGCGCTGGCAGG-1
O,ATTACTAGCCTCTTGC-1
O,ATTATCTCGACAGATC-1
O,ATTCCCACATAAACAA-1
O,ATTCTCGTCTCTTTAG-1
O,ATTGACGTAACTCGGT-1
O,ATTTAACTCGTATTAC-1
O,ATTTCATTATTTCGCG-1
O,CAAACTATTGAGCTTC-1
O,CAAATCTCTCACAAGG-1
O,CAAATTGTCAGCAAGC-1
O,CAACTCCTTGATCCCG-1
O,CAACTTGTAGTGGGCA-1
O,CAATGGTCGGCCTGGG-1
O,CACCATCGGAGGAGAC-1
O,CACCCACACGTCACCC-1
O,CACCGCCGACCAGCGA-1
O,CACGAAAGTTAGTCCC-1
O,CACTCAGCTCTTGAGG-1
O,CACTCGGTTAGGAGGA-1
O,CAGAGTGATTTAACGT-1
O,CAGCTTAGTAGGTAGC-1
O,CAGTGTCCGCAGAATG-1
O,CATAGCCGCCCGGGAT-1
O,CATCATCTACCCGGAC-1
O,CATGAACCGACATTTG-1
O,CATGAACCTCTTATCA-1
O,CATGCGTTAGACAGAA-1
O,CATGCTGGCTCCAATT-1
O,CATTCACTGACAGCTA-1
O,CATTGCGAAATGGGCG-1
O,CCAAGGAACAGAGAGG-1
O,CCACTGGTGGCTGGTT-1
O,CCAGCTGATGGTACTT-1
O,CCATCCATACCAAGTC-1
O,CCCAACCACACTAACA-1
O,CCCTGCGCTACGCATA-1
O,CCCTGGTATGGGCGGC-1
O,CCGAGGGATGTTAGGC-1
O,CCGCACGTGACCTCGG-1
O,CCGCCACCACAATCCA-1
O,CCGCGGGTACGAAGAA-1
O,CCGCGTAGGTAAGGGC-1
O,CCGTGCCCATGACGGC-1
O,CCGTTCCGAATCTCGG-1
O,CCTAGTTAGTCGCATG-1
O,CCTCCCGACAATCCCT-1
O,CCTCTGGCCTAGACGG-1
O,CCTGCCCGTTGTCTAG-1
O,CCTGTACTCACGCCCA-1
O,CGAACGCCCAGTGCCG-1
O,CGACATGCGATCTTCT-1
O,CGCAGAAACATTTGCG-1
O,CGCCTGGCCTACGTAA-1
O,CGCGACACTGCGCAGC-1
O,CGCTTATTCCCGGTCG-1
O,CGGCTTTGTATGATAA-1
O,CGGTGAAGACTAAAGT-1
O,CGGTTGACCTGGCATA-1
O,CGTTGTAAACGTCAGG-1
O,CTCATGGCTCACAATC-1
O,CTCTCGATGTGCGCCT-1
O,CTGCACCTGGAACCGC-1
O,CTGCGGGTGAAATGTT-1
O,CTGGTCCTAACTTGGC-1
O,CTGTAGCCATCTCACT-1
O,CTTACACTGGGAAATA-1
O,CTTCTTACGTCGTATA-1
O,CTTGACCCGAAAGATA-1
O,GAAACAGCCATGCAGT-1
O,GAAACTCGTGCGATGC-1
O,GAAATATCACCATCAG-1
O,GAAATTCACATCGCTG-1
O,GAAGTGCTGGATAGCT-1
O,GACAGGCACACACTAT-1
O,GACCCGTCGCCGGCTA-1
O,GACCGACTGAAGCGTC-1
O,GAGCCACGGTAGTAGG-1
O,GAGCGAGGGAGTACCG-1
O,GAGGTACATCCATCTT-1
O,GATGTCGGTCAACTGC-1
O,GCACACGCCCATGGTC-1
O,GCATTGTAATTCATAT-1
O,GCCCACCAAGGCTGTC-1
O,GCCTTCAGCCCTACCG-1
O,GCGATTCTGGAAGCAG-1
O,GCGGGAACCAGGCCCT-1
O,GCGGTCCCTAGACGCA-1
O,GCTAAGTAAAGGCGAT-1
O,GGAGGATTGAAAGGAG-1
O,GGATACTCATGAATTG-1
O,GGCCCTCACCCACTTA-1
O,GGCCTTTGCAACTGGC-1
O,GGCGCAGGACATCTTC-1
O,GGGAGTAATGGCTGGC-1
O,GGTCGGTAATTAGACA-1
O,GGTGATTTCATCTTGT-1
O,GGTTGTGTAGCCTGGC-1
O,GGTTTGAGTGCTGGAA-1
O,GTAACTTGCGGCAGTC-1
O,GTAAGGATTTGTCGGA-1
O,GTACTCCCTTATCGCT-1
O,GTACTGAGGTCGTAAC-1
O,GTAGACAACCGATGAA-1
O,GTAGACGTCGTTACAT-1
O,GTCACAAAGTTTCCAA-1
O,GTCAGAATAGTCTATG-1
O,GTCAGTTGTGCTCGTT-1
O,GTCAGTTTGGTAGTCG-1
O,GTCGTACCTACGATTG-1
O,GTCGTCAATTATAAGG-1
O,GTGAGCGTGCTGCACT-1
O,GTGGCGGTCCCAGCGT-1
O,GTTAATGTCTATCTTA-1
O,GTTATCACCTTCTGAA-1
O,GTTCTTCCCTCGATGT-1
O,GTTGTCGTGTTAGTTG-1
O,TAAAGAGCCCGAAACC-1
O,TAACCGCCCGCAGTGC-1
O,TAATATTGAAATTCGC-1
O,TACCTGCTGCACTGTG-1
O,TAGAAATTCACGTATA-1
O,TAGATCCGAAGTCGCA-1
O,TAGGTCCAAGTAAGGA-1
O,TAGTGCCCTCCAGAGT-1
O,TAGTTTATTCTTGCTT-1
O,TATATTCGCGTCGATA-1
O,TATCACAGCACGGGCA-1
O,TATCTAGCCTAAAGGA-1
O,TATGAAGACAGGTGCG-1
O,TATTCCGGCAGTCCTA-1
O,TCAACGCGACCGGCAG-1
O,TCATCCCAGAGGGTGG-1
O,TCGGAGAGTATCGGGA-1
O,TCGGGTGAAACTGCTA-1
O,TCGTTCGTTATTATGT-1
O,TCTAACTGTATGTAAA-1
O,TCTGTCATACAAGAGC-1
O,TGAAACTTATGCAAGC-1
O,TGACGAATATTTCCCT-1
O,TGAGAATGCTTTACCG-1
O,TGAGATCAAATACTCA-1
O,TGATAGCGGGATTCTA-1
O,TGATTTATTAGCTGTG-1
O,TGCACGAGTCGGCAGC-1
O,TGCAGAACTATATCGT-1
O,TGCGGCATAGTTCAAC-1
O,TGCGGTGAAATTTCAT-1
O,TGCTATACAAACGGAC-1
O,TGGAAGACGAACACCA-1
O,TGGTATCGCATCCCAA-1
O,TGGTATCGGTCTGTAT-1
O,TGTCCCGACATAGCAC-1
O,TGTCCTAAGTCACCGC-1
O,TGTTTCGGTACTTCTC-1
O,TTAAACCGGTAGCGAC-1
O,TTAAACCTGGTTCCTT-1
O,TTAACGTCGCAAGACC-1
O,TTACCATTGATTACCC-1
O,TTATTAGGGAAGCATC-1
O,TTCAAGCCGAGCTGAG-1
O,TTGACGATTCAGCACG-1
O,TTGCATGCTGATCACG-1
O,TTGGATCGACTTCTGG-1
O,TTGGATTGGGTACCAC-1
O,TTGTATCACACAGAAT-1
O,TTGTTTGTGTAAATTC-1
